,Cap,FirstTrade,quick,side
0,Mid,12-Oct-15,000120 KS,S
1,Mega,19-Mar-15,000333 CH,L
2,Large,08-Oct-15,000333 CH,L
3,Mega,16-Jun-15,000660 KS,S
4,Mid,16-Jun-15,001450 KS,L
5,Mega,16-Nov-15,002415 CH,L
6,Mid,03-Jul-15,004170 KS,L
7,Large,21-Oct-15,005490 KS,L
8,Mega,27-Nov-14,005930 KS,L
9,Mega,15-Apr-15,005930 KS,S
10,Mid,16-Jun-15,008770 KS,S
11,Mid,02-Nov-15,008770 KS,L
12,Large,12-Oct-15,009240 KS,L
13,Mid,10-Sep-15,009830 KS,S
14,Mid,12-Oct-15,010140 KS,S
15,Large,26-Aug-15,010950 KS,L
16,Large,12-Oct-15,010950 KS,S
17,Large,18-Sep-15,011170 KS,L
18,Mid,31-Jul-15,016360 KS,L
19,Mid,18-Jun-15,034230 KS,S
20,Large,20-Nov-15,035250 KS,L
21,Mega,25-Feb-14,035420 KS,L
22,Mid,25-Aug-15,039130 KS,S
23,Large,19-Nov-15,047810 KS,S
24,Large,10-Sep-15,051900 KS,L
25,Mid,16-Jul-15,064350 KS,S
26,Mid,26-Jun-15,079160 KS,S
27,Mid,16-Jul-15,079160 KS,S
28,Mid,04-Sep-15,079160 KS,L
29,Large,10-Sep-15,090430 KS,L
30,Mega,19-Jan-15,1 HK,L
31,Small,11-Jun-15,1023 HK,L
32,Large,30-Jun-15,1044 HK,S
33,Large,14-Jul-15,1044 HK,L
34,Large,08-Jul-15,1055 HK,S
35,Large,11-Aug-15,105560 KS,L
36,Mid,14-Oct-15,1072 HK,L
37,Small,14-Jul-15,1086 HK,L
38,Mega,05-Feb-15,1088 HK,S
39,Mega,06-Aug-15,1088 HK,S
40,Large,04-Dec-14,1109 HK,L
41,Large,30-Jan-15,1109 HK,L
42,Mega,03-Jun-15,1109 HK,L
43,Mega,03-Jun-15,1109 HK,L
44,Mid,14-Jul-15,1112 HK,L
45,Mega,,1113 HK,L
46,Mega,05-Jun-15,1113 HK,L
47,Large,23-Jan-15,1114 HK,L
48,Large,18-Aug-15,1114 HK,L
49,Large,03-Nov-15,1114 HK,S
50,Mid,10-Mar-15,1117 HK,L
51,Mid,21-Aug-15,1117 HK,S
52,Mid,30-Mar-15,1136 HK,L
53,Mid,16-Sep-14,1138 HK,L
54,Mid,16-Jul-15,1138 HK,L
55,Small,30-Jul-14,1148 HK,L
56,Large,05-Feb-15,1157 HK,L
57,Large,17-Apr-15,1157 HK,L
58,Large,30-Sep-15,1157 HK,S
59,Large,05-Oct-15,1169 HK,L
60,Large,06-Aug-15,1171 HK,S
61,Mega,15-May-15,1186 HK,L
62,Small,01-Jun-15,1206 HK,L
63,Large,12-Feb-15,1211 HK,S
64,Large,17-Mar-15,1211 HK,L
65,Mega,12-Jun-15,1211 HK,L
66,Large,27-Nov-15,1211 HK,S
67,Mid,10-Mar-15,1230 HK,S
68,Mid,29-May-15,1293 HK,L
69,Mid,29-May-15,1293 HK,L
70,Small,29-May-15,1297 HK,L
71,Mega,02-Oct-15,1299 HK,L
72,Micro,20-May-15,1301 HK,L
73,Mid,06-Aug-15,1313 HK,L
74,Mid,05-Mar-15,1316 HK,L
75,Small,22-May-15,1322 HK,L
76,Small,15-Oct-14,1330 HK,L
77,Small,05-Aug-15,1332,L
78,Small,18-Jun-15,1338 TT,S
79,Mid,09-Oct-14,1347 HK,L
80,Small,16-Apr-15,1358 HK,L
81,Large,02-Jan-15,1359 HK,L
82,Small,12-Jun-15,1365 HK,L
83,Small,12-Jun-15,1365 HK,L
84,Mid,22-May-15,1366 HK,L
85,Small,10-Nov-15,1379,L
86,Mid,14-Apr-15,1381 HK,L
87,Mid,08-Oct-15,1382 HK,S
88,Micro,12-Feb-15,1384,L
89,Mid,05-Jun-15,1387 HK,S
90,Mid,05-Jun-15,1387 HK,S
91,Mid,15-Jul-15,1387 HK,S
92,Mega,08-May-15,1398 HK,L
93,Micro,03-Dec-14,1407,S
94,Micro,01-Apr-15,1407,S
95,Micro,16-Jul-15,1407,L
96,Micro,30-Nov-15,1407,L
97,Small,18-May-15,1418 HK,L
98,Micro,16-Mar-15,1430,L
99,Micro,28-Jul-15,1431,L
100,Large,10-Mar-15,151 HK,S
101,Mid,16-Sep-15,1515 HK,L
102,Mid,05-Nov-14,152 HK,L
103,Small,08-Jun-15,1530 HK,L
104,Micro,19-Mar-12,1552,L
105,Large,21-Jan-15,1605,L
106,Large,10-Mar-15,1605,S
107,Large,16-Jun-15,1605,S
108,Large,02-Jan-15,168 HK,S
109,Large,23-Mar-15,168 HK,S
110,Small,17-Apr-14,1685 HK,L
111,Mid,02-Jul-15,1719,L
112,Micro,06-Feb-15,1728,L
113,Mid,29-May-15,1728 HK,L
114,Mid,29-May-15,1728 HK,L
115,Mid,02-Apr-15,175 HK,L
116,Mid,13-May-15,175 HK,S
117,Mid,18-Aug-15,175 HK,L
118,Mega,28-Oct-15,1766 HK,S
119,Mega,01-Apr-15,1776 HK,L
120,Mid,10-Mar-15,1788 HK,L
121,Mid,21-Jan-15,179 HK,S
122,Micro,18-Jul-14,1793,L
123,Small,18-Jul-14,1799,L
124,Mega,18-May-15,1800 HK,L
125,Mega,08-Jul-15,1800 HK,S
126,Mega,08-Jul-15,1800 HK,S
127,Large,07-Apr-15,1801,S
128,Large,12-Jun-15,1801,L
129,Large,21-Oct-15,1801,S
130,Large,13-Nov-15,1801,S
131,Mid,24-Mar-15,1802,L
132,Large,01-Oct-15,1803,L
133,Index,01-Oct-15,1803_CB,L
134,Micro,29-Oct-13,1810,L
135,Mid,14-Mar-14,1812,L
136,Small,09-Apr-15,1813,S
137,Mega,05-Jun-15,1816 HK,S
138,Mid,05-Feb-15,1820,L
139,Mid,30-Oct-15,1820,S
140,Small,23-Jul-15,1822,S
141,Small,31-Aug-15,1822,L
142,Mid,30-Sep-14,1824,L
143,Micro,20-Jan-15,1826,L
144,Small,16-Sep-15,1828 HK,L
145,Large,22-May-15,1829 HK,L
146,Mid,19-Oct-15,1829 HK,S
147,Mid,29-Jun-15,1833 HK,S
148,Small,29-Jun-15,1848 HK,S
149,Mid,25-Aug-15,1861,L
150,Mid,30-Oct-15,1861,S
151,Micro,26-Dec-14,1867,L
152,Micro,05-Sep-13,1869,L
153,Large,24-Nov-15,1878,L
154,Large,12-May-15,1880 HK,L
155,Mid,10-Oct-14,1882 HK,S
156,Small,15-Oct-13,1885,L
157,Small,05-Mar-15,1890,S
158,Small,13-Nov-14,1893,L
159,Large,14-Jan-15,1898 HK,S
160,Large,03-Jun-15,1898 HK,S
161,Large,03-Jun-15,1898 HK,S
162,Large,06-Aug-15,1898 HK,S
163,Small,26-Feb-15,1899,L
164,Mid,11-Jun-15,1910 HK,L
165,Mid,24-Aug-15,1910 HK,S
166,Large,07-Jan-15,1913 HK,S
167,Large,20-Oct-15,1925,S
168,Large,08-Jul-15,1928,S
169,Mega,05-Jun-15,1928 HK,S
170,Micro,08-May-15,1929,S
171,Large,02-Jan-15,1929 HK,L
172,Micro,29-Oct-13,1938,L
173,Mid,20-Jan-15,1942,L
174,Mid,09-Jul-14,1944,L
175,Small,09-Mar-15,1949,L
176,Micro,09-Mar-15,1952,L
177,Large,01-Apr-15,1958 HK,L
178,Large,10-Nov-15,1958 HK,L
179,Small,10-Jun-14,1961,L
180,Large,16-Feb-15,1963,S
181,Mid,05-Aug-15,1963,S
182,Micro,29-Jan-15,1965,L
183,Small,02-Oct-15,1970 HK,L
184,Micro,09-Mar-15,1975,L
185,Small,09-Mar-15,1980,L
186,Mega,29-Jun-15,1988 HK,S
187,Mega,01-Jun-15,2 HK,S
188,Mid,14-Sep-15,2002,L
189,Mid,09-Oct-14,200581 CH,L
190,Large,15-Oct-14,200625 CH,L
191,Large,08-Oct-15,200625 CH,L
192,Large,30-Mar-15,2007 HK,L
193,Large,31-Oct-14,2009 HK,L
194,Small,23-Jun-15,2010 HK,L
195,Small,23-Jun-15,2010 HK,L
196,Small,22-Oct-15,2010 HK,S
197,Small,16-Feb-15,2014 HK,S
198,Large,26-Mar-15,2018 HK,L
199,Large,23-Apr-15,2018 HK,S
200,Large,10-Nov-15,2018 HK,S
201,Large,02-Sep-15,2020 HK,S
202,Mid,27-Dec-13,2038 HK,L
203,Large,25-Sep-15,2105 TT,S
204,Small,05-Oct-15,2109,S
205,Micro,23-Jan-15,2117,L
206,Micro,09-Nov-15,2117,L
207,Small,22-Oct-15,2120,L
208,Small,22-Oct-15,2120,L
209,Small,22-Oct-15,2120,L
210,Mid,08-Jul-15,2121,L
211,Mid,24-Jul-15,2121,L
212,Mid,18-Nov-15,2121,L
213,Small,18-Aug-15,2124,L
214,Small,21-Oct-15,2124,L
215,Mid,21-Aug-15,2128 HK,L
216,Small,15-Jul-15,2131,L
217,Small,07-Jul-15,2138,L
218,Small,19-Aug-15,2138,L
219,Small,06-Oct-15,2138,L
220,Small,10-Nov-15,2138,L
221,Large,08-Sep-15,2196 HK,L
222,Mid,31-Oct-14,2206,L
223,Small,02-Apr-15,2211 HK,L
224,Mid,12-Feb-15,2212,S
225,Mid,08-Sep-15,2212,S
226,Large,04-Aug-15,2229,S
227,Large,20-Aug-15,2229,S
228,Mid,23-Oct-15,2229,S
229,Large,04-Nov-15,2229,L
230,Large,16-Apr-15,2238 HK,S
231,Mid,01-Jun-15,2255 HK,L
232,Mid,01-Jun-15,2255 HK,L
233,Large,08-Jul-15,2267,S
234,Large,05-Oct-15,2267,L
235,Large,25-Nov-15,2267,S
236,Mid,05-Oct-15,2270,S
237,Small,02-Jun-15,2281,L
238,Small,03-Jun-15,2281,S
239,Mid,16-Dec-14,2282,L
240,Mid,01-Apr-15,2282,L
241,Mid,13-Nov-15,2282,S
242,Mid,11-Mar-15,2284,L
243,Mid,27-Oct-15,2284,S
244,Mid,24-Mar-15,2301 TT,S
245,Large,05-Aug-15,2308 TT,S
246,Large,20-May-15,2311 TT,L
247,Mid,27-Aug-14,2313 HK,L
248,Large,08-Oct-15,2313 HK,S
249,Mega,08-Jan-15,2317 TT,S
250,Mega,22-Apr-15,2317 TT,S
251,Mega,01-Dec-14,2318 HK,L
252,Mega,01-Dec-14,2318 HK,L
253,Mid,10-Sep-15,2324 TT,L
254,Micro,19-Jan-15,2325,L
255,Large,17-Mar-15,2325 TT,S
256,Mid,10-Jun-15,2325 TT,S
257,Micro,25-Jul-13,2326,L
258,Mega,31-Mar-15,2328 HK,L
259,Mega,12-Jun-15,2328 HK,L
260,Mega,12-Jun-15,2328 HK,L
261,Mega,01-Sep-15,2328 HK,S
262,Mega,17-Oct-14,2330 TT,L
263,Mega,20-May-15,2330 TT,L
264,Mega,02-Sep-15,2330 TT,S
265,Mega,16-Nov-15,2330 TT,L
266,Mid,29-Sep-15,2331,L
267,Mid,30-Oct-15,2331,S
268,Large,09-Oct-14,2333 HK,L
269,Mega,23-Mar-15,2333 HK,L
270,Mega,14-May-15,2333 HK,S
271,Large,05-Aug-15,2333 HK,S
272,Large,09-Oct-15,2333 HK,S
273,Large,03-Nov-15,2333 HK,L
274,Large,07-Nov-14,2338 HK,S
275,Mid,08-Aug-14,2343 HK,L
276,Mid,05-Nov-14,2357 HK,L
277,Mid,12-Aug-15,2357 HK,L
278,Large,29-Sep-14,2357 TT,S
279,Large,27-Jul-15,2357 TT,S
280,Small,22-Oct-15,2362,L
281,Small,17-Dec-14,2369 HK,L
282,Mid,07-Jan-15,2371,S
283,Mid,14-May-15,2371,S
284,Mid,18-Sep-15,2371,L
285,Mid,11-Sep-15,2379,S
286,Mid,29-Sep-14,2379 TT,S
287,Mid,22-Oct-15,2379 TT,L
288,Mid,02-Sep-14,2380 HK,L
289,Mid,10-Aug-15,2382 HK,L
290,Small,23-Jan-15,2392 TT,L
291,Small,16-Jul-15,2393 TT,S
292,Small,26-Jun-15,2400,L
293,Large,22-Apr-15,2408 TT,L
294,Mid,19-Sep-14,2409 TT,S
295,Mid,12-Sep-13,2413,L
296,Mid,05-Jun-15,242 HK,S
297,Micro,19-Oct-15,2428,L
298,Micro,02-Nov-15,2428,L
299,Micro,08-Jul-15,2429,L
300,Mid,12-Dec-14,2432,L
301,Mid,29-Oct-15,2432,S
302,Mid,17-Nov-15,2432,L
303,Mid,20-May-15,2433,S
304,Mid,14-Aug-15,2433,S
305,Small,25-Aug-15,2440,S
306,Mid,04-Dec-14,2448 TT,L
307,Small,31-Aug-15,2450,L
308,Small,31-Aug-15,2450,L
309,Micro,24-Nov-15,2453,L
310,Mega,30-Jan-15,2454 TT,S
311,Large,03-Sep-15,2454 TT,S
312,Micro,08-Jul-14,2468,L
313,Micro,21-Oct-15,2469,L
314,Large,19-Sep-14,2474 TT,L
315,Large,22-Jul-15,2474 TT,S
316,Large,10-Nov-15,2474 TT,S
317,Mid,29-May-15,2488 HK,L
318,Small,20-Aug-15,2489,L
319,Small,14-Oct-15,2492,S
320,Mid,15-Apr-15,2501,L
321,Large,22-Jan-15,2502,L
322,Large,16-Dec-14,2503,S
323,Large,15-Apr-15,2503,L
324,Large,19-Aug-15,2503,S
325,Large,03-Sep-15,2503,S
326,Large,06-Jul-15,257 HK,S
327,Mid,06-Jul-15,2580,S
328,Large,06-Jul-15,2587,S
329,Mid,27-Feb-15,2593,S
330,Mid,17-Apr-15,2593,S
331,Mid,24-Sep-14,2607,L
332,Mid,10-Nov-15,2607,L
333,Mid,11-Jun-15,2615 TT,S
334,Mid,19-Nov-14,2618 HK,L
335,Mid,22-May-15,2618 HK,L
336,Large,19-Feb-15,2651,S
337,Mid,26-Jun-15,2659,L
338,Small,11-Sep-15,2664,L
339,Mega,05-Dec-14,267 HK,L
340,Mega,24-Feb-15,267 HK,L
341,Mid,30-Jul-15,2670,L
342,Mid,13-Oct-15,2670,S
343,Small,24-Aug-15,2681,S
344,Small,18-Sep-14,2685,L
345,Mid,16-Oct-15,2685,L
346,Small,07-Sep-15,2686,L
347,Mid,08-Jan-15,2689 HK,S
348,Mega,08-Apr-15,27 HK,L
349,Large,05-Jun-15,27 HK,S
350,Mid,16-Dec-14,2702,S
351,Mid,18-Jun-15,2702,S
352,Mid,27-Oct-15,2702,S
353,Small,10-Oct-14,2706,L
354,Small,15-Dec-14,2726,L
355,Large,08-Dec-14,2727 HK,L
356,Mega,15-May-15,2727 HK,L
357,Large,08-Jul-15,2727 HK,S
358,Large,08-Jul-15,2727 HK,S
359,Small,04-Sep-14,2767,S
360,Small,24-Nov-14,2777 HK,L
361,Small,07-Apr-15,2780,L
362,Large,18-Sep-14,2802,L
363,Large,16-Jun-15,2802,L
364,Large,30-Sep-15,2802,L
365,Mid,04-Dec-14,2809,L
366,Mid,27-May-15,2809,S
367,Mid,14-Jul-15,2809,L
368,Mid,08-May-15,285 HK,S
369,Large,26-Feb-15,2866 HK,L
370,Large,20-May-15,2866 HK,L
371,Large,16-Jul-15,2866 HK,S
372,Mid,15-Sep-15,2871,L
373,Mid,09-Apr-15,2880 HK,L
374,Large,03-Feb-15,2883 HK,S
375,Large,01-Apr-15,2897,S
376,Mid,04-Jun-15,2897,L
377,Micro,16-Dec-14,2904,S
378,Mid,08-Jun-15,2908 HK,L
379,Mid,08-Jun-15,2908 HK,L
380,Mid,04-Mar-15,291 HK,S
381,Large,08-Jul-15,291 HK,S
382,Mega,22-Jan-15,2914,S
383,Mega,12-Mar-15,2914,L
384,Mega,22-Apr-15,2914,L
385,Mega,30-Sep-15,2914,S
386,Micro,03-Jun-15,2929,L
387,Mid,27-Nov-14,2931,S
388,Mega,10-Dec-14,3 HK,S
389,Small,16-Jun-15,3002,L
390,Large,21-Apr-15,3003,S
391,Large,19-Sep-14,3008 TT,L
392,Large,10-Nov-15,3008 TT,S
393,Large,24-Nov-15,3008 TT,L
394,Mid,05-May-15,3034 TT,S
395,Small,05-Jan-15,3046,L
396,Mid,28-Jan-15,3048,L
397,Micro,05-Oct-15,3053,L
398,Mid,06-Mar-15,308 HK,L
399,Mid,23-Jan-15,3086,L
400,Mid,12-Aug-15,3088,L
401,Large,30-Apr-15,3099,S
402,Large,12-Aug-15,3099,S
403,Small,12-Nov-14,3105 TT,L
404,Small,08-Feb-13,3107,L
405,Small,16-Jun-15,3107,L
406,Micro,18-Mar-15,3131,L
407,Small,25-Nov-15,3132,L
408,Micro,09-Apr-15,3133,L
409,Micro,09-Apr-15,3134,L
410,Micro,10-Jun-15,3135,L
411,Micro,16-Jun-15,3136,L
412,Micro,18-Jun-15,3137,L
413,Micro,29-Jun-15,3138,L
414,Micro,20-Aug-15,3139,L
415,Small,05-Oct-15,3159,L
416,Mid,12-Dec-14,316 HK,L
417,Mid,26-Feb-15,316 HK,L
418,Micro,30-Dec-14,3166,S
419,Large,29-May-15,317 HK,L
420,Large,29-May-15,317 HK,L
421,Micro,03-Mar-15,3183,S
422,Small,24-Sep-15,3189 TT,S
423,Mid,07-Aug-15,3191,L
424,Mid,02-Jun-15,3197,L
425,Mid,30-Jul-15,3197,L
426,Mid,10-Apr-15,321 HK,L
427,Mid,11-Aug-15,321 HK,L
428,Large,11-Jun-15,322 HK,L
429,Micro,11-Mar-15,3223,L
430,Micro,12-Mar-15,3224,L
431,Mid,19-Feb-15,3226,S
432,Small,23-Jul-15,3227,L
433,Small,23-Jul-15,3227,S
434,Small,17-Sep-15,3227,L
435,Mid,06-Jul-15,323 HK,S
436,Micro,16-Jan-14,3230,L
437,Micro,22-Oct-15,3230,S
438,Micro,24-Nov-15,3230,L
439,Mid,19-Oct-15,3231,S
440,Mid,10-Sep-15,3231 TT,L
441,Small,13-Mar-15,3232,L
442,Micro,24-Nov-15,3237,L
443,Small,05-Jun-15,3240,L
444,Mid,10-Mar-15,3249,S
445,Small,20-Jan-15,3258,L
446,Mid,17-Mar-15,3263,S
447,Micro,25-Nov-15,3276,L
448,Micro,18-Jul-13,3278,L
449,Small,17-Sep-15,3278,L
450,Mid,20-Aug-15,3281,S
451,Small,20-Jan-15,3282,S
452,Mid,05-Jun-15,3285,L
453,Small,05-Mar-15,3287,L
454,Small,21-Oct-15,3287,L
455,Small,04-Nov-15,3287,L
456,Small,19-Dec-14,3288,L
457,Mid,20-Oct-15,3289,S
458,Mid,19-Dec-14,3291,L
459,Mid,01-Apr-15,3291,L
460,Mid,06-Aug-15,3291,S
461,Large,29-Oct-15,3291,S
462,Mid,03-Jun-15,3291_CB,L
463,Mid,05-Feb-15,3292,S
464,Mid,05-Feb-15,3292,S
465,Small,17-Sep-15,3295,L
466,Small,04-Feb-15,3296,L
467,Small,04-Feb-15,3296,S
468,Small,23-Jun-15,3296,L
469,Small,23-Jun-15,3296,S
470,Small,20-May-15,3298,S
471,Micro,24-Nov-15,3300,L
472,Micro,11-Nov-15,3308,L
473,Micro,11-Nov-15,3308,S
474,Mid,30-Apr-15,3308 HK,L
475,Small,25-Nov-14,3309,L
476,Small,13-May-15,3309,S
477,Large,13-Nov-14,3311 HK,S
478,Large,13-Apr-15,3311 HK,L
479,Small,22-May-15,3315 HK,L
480,Large,24-Jun-15,3323 HK,S
481,Mega,09-Mar-15,3328 HK,L
482,Small,25-Feb-14,3333,L
483,Small,30-Jul-15,3333,L
484,Large,17-Nov-15,3333 HK,S
485,Small,22-May-15,3336 HK,L
486,Small,17-Dec-14,3337 HK,S
487,Mid,22-May-15,3339 HK,L
488,Mid,22-May-15,3339 HK,L
489,Small,19-Dec-14,3368 HK,L
490,Mid,18-May-15,337 HK,L
491,Small,24-Mar-15,3374 TT,L
492,Mega,08-Jul-15,3382,L
493,Small,06-Aug-14,3397,L
494,Mid,03-Mar-15,3398,L
495,Mid,05-Nov-14,3401,L
496,Mid,16-Nov-15,3401,L
497,Large,21-Nov-14,3402,L
498,Large,25-Jun-15,3402,L
499,Mid,18-Feb-15,3405,L
500,Mid,26-Nov-15,3405,S
501,Large,20-Mar-15,3407,S
502,Large,04-Aug-15,3407,L
503,Large,15-Oct-15,3407,S
504,Micro,26-Aug-15,3415,L
505,Micro,04-Sep-15,3416,L
506,Mid,21-Oct-15,3418,L
507,Mid,27-Nov-14,3436,L
508,Mid,21-Jan-15,3436,L
509,Mid,21-Apr-15,3436,S
510,Mid,05-Jun-15,3436,S
511,Mid,12-Nov-15,3436,L
512,Micro,01-Sep-15,3443,L
513,Micro,20-Nov-14,3451,L
514,Micro,10-Nov-15,3451,L
515,Small,03-Feb-15,3453,L
516,Small,16-Sep-15,3453,S
517,Micro,12-Mar-15,3455,L
518,Micro,18-Mar-15,3457,L
519,Micro,23-Jun-15,3459,L
520,Micro,28-Oct-15,3460,L
521,Micro,04-Aug-15,3461,L
522,Micro,20-Nov-15,3463,L
523,Large,06-Jul-15,347 HK,S
524,Large,15-Jan-15,3474 TT,S
525,Large,16-Jun-15,3474 TT,S
526,Mid,06-Oct-15,3474 TT,S
527,Large,03-Nov-15,3474 TT,L
528,Small,22-May-15,348 HK,L
529,Small,22-May-15,348 HK,L
530,Micro,16-Jun-15,3529,L
531,Large,29-Sep-15,358 HK,L
532,Small,26-Mar-15,3606 HK,L
533,Mid,30-Sep-15,3606 HK,L
534,Large,27-Oct-15,3606 HK,L
535,Small,26-Feb-15,3608,L
536,Micro,26-Oct-15,3624,L
537,Mid,10-Oct-14,3626,L
538,Mid,11-May-15,3626,L
539,Mid,08-Apr-15,363 HK,L
540,Mid,16-Mar-15,3632,L
541,Mid,23-Apr-15,3632,L
542,Micro,17-Apr-15,3654,L
543,Micro,17-Apr-15,3654,L
544,Micro,29-Dec-14,3655,L
545,Small,14-Jul-15,3656,L
546,Small,24-Jul-15,3656,L
547,Mid,16-Jan-15,3658 TT,L
548,Mid,17-Apr-15,3658 TT,S
549,Mid,24-Sep-15,3658 TT,S
550,Mid,26-Nov-15,3658 TT,L
551,Mid,13-Feb-15,3659,S
552,Large,24-Apr-15,3659,S
553,Large,14-Jul-15,3659,S
554,Large,12-Aug-15,3659,S
555,Large,19-Nov-15,3659,L
556,Micro,29-Jun-15,3664,S
557,Micro,25-Nov-15,3666,L
558,Micro,15-Apr-15,3667,L
559,Micro,30-Jul-15,3667,L
560,Mid,28-Jan-15,3668,S
561,Mid,02-Apr-15,3668,S
562,Mid,11-Jun-15,3668,L
563,Mid,08-Dec-14,3673 TT,L
564,Small,29-Oct-15,3673 TT,S
565,Micro,16-Jul-15,3682,L
566,Micro,28-Jan-15,3688,L
567,Micro,14-Aug-15,3688,L
568,Micro,08-Apr-15,3689,L
569,Mega,08-Jun-15,3699 HK,S
570,Mega,11-Jun-15,3699 HK,L
571,Mega,11-Jun-15,3699 HK,L
572,Small,01-Sep-15,3708,L
573,Mid,10-Jan-13,371 HK,L
574,Micro,09-Apr-15,3754,L
575,Micro,08-Jul-15,3758,S
576,Mid,08-Jan-15,3765,L
577,Small,19-Sep-14,3769,L
578,Small,21-Apr-15,3774,L
579,Small,15-Jul-15,3774,L
580,Small,26-Nov-15,3774,L
581,Micro,12-Jun-15,3785,L
582,Micro,19-Aug-15,3785,S
583,Micro,15-Jan-15,3791,L
584,Micro,22-Oct-14,3793,S
585,Micro,28-Apr-15,3793,S
586,Micro,28-Apr-15,3793,S
587,Mid,09-Apr-15,38 HK,L
588,Mid,04-Nov-14,3818 HK,L
589,Mid,22-Jul-15,3818 HK,L
590,Mega,09-Dec-14,386 HK,S
591,Mega,24-Jun-15,386 HK,L
592,Mega,20-Oct-15,386 HK,L
593,Mid,08-Jul-15,3861,S
594,Large,09-Oct-15,3861,L
595,Mid,25-May-15,3863,L
596,Mega,16-Jun-15,388 HK,S
597,Mega,10-Jul-15,388 HK,L
598,Mega,04-Nov-15,388 HK,L
599,Mid,09-Sep-14,3880,L
600,Mid,30-Oct-15,3880,L
601,Mid,19-Mar-15,3888 HK,S
602,Mid,29-May-15,3888 HK,L
603,Large,13-Apr-15,3898 HK,L
604,Mega,08-Jul-15,390 HK,S
605,Small,21-Jul-15,3903,L
606,Small,01-Oct-15,3903,S
607,Micro,13-Feb-15,3907,L
608,Micro,18-Mar-15,3907,L
609,Micro,10-Mar-15,3908,L
610,Micro,11-Mar-15,3909,L
611,Micro,22-Apr-15,3909,L
612,Micro,09-Mar-15,3910,L
613,Micro,17-Mar-15,3911,L
614,Small,12-Aug-15,3911,L
615,Micro,20-Mar-15,3913,L
616,Micro,21-Apr-15,3914,L
617,Micro,22-Apr-15,3915,L
618,Micro,08-Jul-15,3917,L
619,Micro,27-Jul-15,3918,L
620,Micro,07-Sep-15,3920,L
621,Mega,19-Nov-15,3921,L
622,Mid,22-May-15,3941,S
623,Mega,08-May-15,3988 HK,L
624,Mega,20-Apr-15,4 HK,S
625,Large,27-Nov-15,4 HK,S
626,Mid,08-May-15,4004,L
627,Mid,08-Jul-15,4004,S
628,Large,02-Feb-15,4005,L
629,Large,05-Aug-15,4005,S
630,Large,19-Oct-15,4005,S
631,Large,19-Oct-15,4005,S
632,Micro,16-Jul-15,4007,L
633,Small,30-Oct-15,4008,L
634,Mid,05-Oct-15,4021,L
635,Micro,23-Jan-15,4033,L
636,Small,05-Oct-15,4041,L
637,Mid,25-Sep-14,4042,L
638,Mid,19-Mar-15,4042,L
639,Mid,14-Jul-15,4042,S
640,Mid,04-Sep-15,4042,L
641,Small,18-Nov-15,4047,L
642,Mid,04-Mar-15,4062,L
643,Mid,08-May-15,4062,L
644,Mid,24-Sep-15,4062,S
645,Mega,20-Mar-15,4063,L
646,Micro,20-Oct-14,4082,L
647,Mid,04-Sep-15,4091,S
648,Mid,21-Apr-15,4114,L
649,Mid,30-Oct-15,4114,L
650,Mid,26-Nov-15,4114,S
651,Mid,14-Jan-15,4118,L
652,Mid,20-May-15,4118,L
653,Large,08-Sep-15,4151,S
654,Mid,28-Nov-14,4182,S
655,Mid,24-Feb-15,4183,S
656,Mid,08-Jul-15,4183,S
657,Mid,01-Sep-15,4183,S
658,Mid,05-Nov-15,4183,L
659,Mid,20-Mar-15,4185,S
660,Mid,10-Aug-15,4185,S
661,Large,16-Jul-15,4188,L
662,Small,16-Jul-15,4201,L
663,Mid,20-Mar-15,4202,S
664,Mid,20-May-15,4202,L
665,Large,05-Nov-15,4202,L
666,Mid,26-Nov-15,4205,L
667,Mid,14-Oct-15,4208,L
668,Mid,25-Jun-15,4217,S
669,Mid,27-Nov-15,4217,L
670,Micro,26-Nov-15,4281,L
671,Small,24-Jul-15,4290,L
672,Small,29-Sep-14,4293,L
673,Small,31-Jul-15,4293,L
674,Small,26-Oct-15,4293,L
675,Large,07-Jul-15,4307,L
676,Micro,25-Nov-15,4310,L
677,Large,15-Jan-15,4324,S
678,Large,12-Aug-15,4324,S
679,Micro,12-Jun-15,4344,L
680,Micro,23-Jun-15,4345,L
681,Small,21-Jul-15,4368,L
682,Large,22-Oct-14,4452,L
683,Micro,23-Jan-15,4464,L
684,Micro,20-Apr-15,4465,L
685,Small,30-Oct-15,4471,L
686,Mid,30-Jan-15,4506,L
687,Large,23-Mar-15,4506,L
688,Large,07-May-15,4507,S
689,Large,24-Sep-15,4508,S
690,Large,14-Apr-14,4519,L
691,Mid,15-Sep-15,4521,L
692,Mid,22-Jan-15,4526,S
693,Mid,24-Sep-15,4527,L
694,Mid,14-Jan-15,4544,S
695,Mid,05-Nov-15,4544,S
696,Small,14-Apr-14,4549,L
697,Small,01-Jul-15,4549,L
698,Small,13-Oct-15,4549,L
699,Small,22-Mar-13,4551,L
700,Small,10-Sep-15,4565,S
701,Micro,13-Aug-15,4574,L
702,Mid,11-Dec-14,4587,L
703,Micro,01-Jul-15,4588,L
704,Small,08-Jun-15,4593,L
705,Small,08-Sep-15,4593,S
706,Large,08-Jul-15,4612,S
707,Large,17-Nov-15,4612,L
708,Mid,15-Jan-15,4613,L
709,Mid,30-Jun-15,4613,S
710,Mid,24-Aug-15,4613,S
711,Small,25-Sep-14,4651,S
712,Micro,16-Jul-15,4651,L
713,Micro,30-Nov-15,4651,L
714,Mega,24-Mar-15,4661,S
715,Mega,18-Aug-15,4661,S
716,Mega,11-Nov-15,4661,S
717,Mid,24-Nov-15,4665,L
718,Mid,08-Sep-15,4666,S
719,Micro,20-Nov-15,4667,L
720,Micro,20-Nov-15,4667,L
721,Micro,05-Mar-15,4674,L
722,Mid,12-Feb-15,4676,L
723,Small,24-Dec-14,4680,S
724,Small,13-Jul-15,4680,L
725,Small,05-Nov-15,4680,S
726,Mid,17-Sep-15,4684,L
727,Mega,08-May-15,4689,S
728,Mid,02-Dec-14,4704,L
729,Mid,23-Feb-15,4704,S
730,Mid,02-Jun-15,4704,L
731,Large,14-Aug-15,4704,S
732,Mid,10-Sep-15,4704,L
733,Large,11-Nov-15,4704,S
734,Small,09-Dec-13,4708,L
735,Small,24-Nov-15,4708,L
736,Mid,08-Sep-15,4732,S
737,Mid,06-Mar-15,4739,L
738,Mid,23-Jul-15,4739,S
739,Mid,26-Mar-15,4751,L
740,Mid,11-May-15,4751,L
741,Mid,08-Jun-15,4751,S
742,Mid,24-Jul-15,4751,S
743,Mid,15-Oct-15,4751,L
744,Mid,05-Nov-15,4751,L
745,Mega,23-Jun-15,4755,L
746,Mega,06-Aug-15,4755,L
747,Mid,12-Feb-15,4768,S
748,Mid,30-Oct-15,4768,S
749,Small,04-Jun-15,4777,S
750,Small,20-Aug-12,4813,L
751,Small,26-May-15,4816,L
752,Small,28-Oct-15,4816,L
753,Small,11-Dec-14,4819,S
754,Small,02-Jul-15,4819,L
755,Small,18-Aug-15,4839,S
756,Micro,16-Mar-15,4875,L
757,Large,18-Aug-15,489 HK,S
758,Large,30-Sep-15,489 HK,L
759,Large,19-Dec-14,4901,L
760,Large,17-Apr-15,4911,S
761,Large,08-Jul-15,4911,S
762,Large,30-Oct-15,4911,S
763,Small,16-Jul-15,4915 TT,L
764,Small,25-Mar-15,4921,S
765,Mid,01-Dec-14,4922,L
766,Mid,21-Aug-14,493 HK,L
767,Large,05-Aug-15,4938 TT,S
768,Large,31-Jul-15,494 HK,S
769,Large,15-Oct-15,494 HK,S
770,Mid,23-Jan-15,4958 TT,L
771,Small,13-May-15,4966 TT,L
772,Small,22-Oct-15,4966 TT,L
773,Mid,02-Jun-15,4967,L
774,Mid,30-Jun-15,4974,L
775,Small,05-Oct-15,4996,L
776,Small,16-Feb-15,4997,L
777,Small,05-Oct-15,4997,L
778,Mega,24-Apr-15,5 HK,L
779,Mid,22-Dec-14,5007,L
780,Micro,30-Jul-15,5008,L
781,Large,22-Dec-14,5012,L
782,Large,25-Aug-15,5012,L
783,Large,22-Dec-14,5020,L
784,Large,18-Sep-15,5020,L
785,Large,04-Nov-15,5020,S
786,Small,30-Sep-15,5021,L
787,Mid,18-Mar-15,5105,L
788,Mid,14-Oct-15,5105,L
789,Mega,03-Feb-15,5108,S
790,Mega,23-Apr-15,5108,S
791,Mega,16-Jul-15,5108,L
792,Mid,18-Jun-15,511 HK,L
793,Large,14-Nov-14,5201,S
794,Large,18-Feb-15,5201,L
795,Large,05-Aug-15,5201,S
796,Mid,22-Apr-15,522 HK,S
797,Mid,06-Nov-15,5232,L
798,Mid,15-May-15,5233,S
799,Mid,25-Aug-15,5233,L
800,Mid,10-Jun-15,5264 TT,S
801,Large,08-Jul-15,5332,S
802,Large,20-Oct-15,5332,S
803,Large,04-Mar-15,5333,L
804,Large,14-May-15,5333,L
805,Large,14-Oct-15,5333,S
806,Large,14-Oct-15,5333,S
807,Large,25-Jun-15,5334,S
808,Mid,27-Jul-15,5347 TT,S
809,Mid,25-Aug-15,5347 TT,L
810,Mega,15-Dec-14,5401,L
811,Mega,17-Feb-15,5401,L
812,Mega,02-Apr-15,5401,S
813,Mega,26-May-15,5401,L
814,Large,14-Oct-15,5401,S
815,Large,18-Feb-15,5406,L
816,Large,07-Aug-15,5406,L
817,Large,29-Oct-14,5411,L
818,Large,17-Feb-15,5411,L
819,Large,03-Mar-15,5411,S
820,Large,08-Jul-15,5411,S
821,Large,04-Aug-15,5411,L
822,Small,04-Sep-15,5423,L
823,Small,25-Mar-15,5440,S
824,Small,29-Jun-15,5440,L
825,Mid,21-Oct-15,5444,L
826,Small,14-Sep-15,5451,S
827,Mid,15-Dec-14,5471,L
828,Mid,19-Jun-15,5471,L
829,Large,20-Aug-14,5486,L
830,Micro,03-Nov-14,5490 TT,L
831,Large,26-Jun-15,551 HK,L
832,Small,08-Jul-15,5541,S
833,Mid,05-Oct-15,5631,L
834,Mid,08-Oct-15,570 HK,L
835,Mid,04-Jun-14,5706,L
836,Mid,02-Jul-15,5706,S
837,Mid,12-Dec-14,5711,L
838,Mid,07-Sep-15,5711,L
839,Large,19-Mar-15,5713,S
840,Large,23-Jun-15,5713,S
841,Large,01-Sep-15,5713,S
842,Small,18-Nov-15,5726,L
843,Small,05-Dec-14,5727,L
844,Large,18-Mar-15,576 HK,L
845,Mid,07-May-15,5801,L
846,Large,04-Feb-15,5802,S
847,Large,22-Jul-15,5802,S
848,Large,03-Aug-15,5802,L
849,Mid,22-Oct-14,5803,L
850,Mid,30-Oct-15,5803,S
851,Small,05-Sep-14,5809,L
852,Micro,27-Aug-14,5915,L
853,Micro,22-Apr-14,5921,L
854,Mid,26-Jun-15,5929,S
855,Large,05-Nov-14,5938,S
856,Large,30-Jan-15,5938,L
857,Large,06-Mar-15,5938,L
858,Large,03-Jun-15,5938,L
859,Mid,21-Jul-15,5947,S
860,Micro,07-Nov-13,5958,L
861,Micro,11-Oct-13,5973,L
862,Small,16-Jun-15,5981,L
863,Large,28-Jan-15,600690 C1,L
864,Large,05-Dec-14,600741 C1,L
865,Large,24-Apr-15,600741 C1,L
866,Mid,05-Feb-15,601038 C1,L
867,Mega,09-Mar-15,601166 C1,L
868,Small,14-May-15,6013,L
869,Mega,23-Mar-15,601633 C1,L
870,Micro,02-Apr-15,6026,L
871,Micro,03-Dec-14,6027,L
872,Small,05-Dec-14,6028,L
873,Small,08-Jul-15,6028,L
874,Mega,22-Dec-14,6030 HK,S
875,Mega,09-Mar-15,6030 HK,S
876,Micro,13-Mar-15,6032,L
877,Micro,10-Feb-15,6037,L
878,Micro,16-Mar-15,6038,L
879,Micro,19-Mar-15,6039,L
880,Micro,14-Apr-15,6040,L
881,Micro,16-Apr-15,6044,L
882,Small,28-May-15,6047,L
883,Micro,21-Apr-15,6048,L
884,Micro,23-Jul-15,6049,L
885,Micro,02-Nov-15,6058,S
886,Micro,01-Oct-15,6070,L
887,Micro,30-Dec-14,6091,L
888,Large,14-Aug-15,6098,L
889,Small,10-Apr-15,6101,S
890,Small,19-May-15,6101,L
891,Small,23-Oct-15,6135,L
892,Small,12-Dec-14,6136 HK,L
893,Small,12-Jun-15,6140,L
894,Mid,13-Mar-15,6146,L
895,Mid,08-Jun-15,6146,S
896,Mid,10-Sep-15,6146,S
897,Mid,16-Nov-15,6146,L
898,Mid,31-Mar-15,6147 TT,S
899,Mid,13-May-15,6147 TT,L
900,Small,26-Oct-15,6147 TT,L
901,Micro,04-Mar-15,6165,S
902,Micro,16-Jun-15,6166,L
903,Micro,17-Jun-15,6167,L
904,Micro,31-Jul-15,6170,L
905,Micro,18-Aug-15,6171,L
906,Micro,24-Aug-15,6173,L
907,Small,10-Sep-15,6176,L
908,Mid,09-Dec-14,6176 TT,S
909,Mid,16-Mar-15,6176 TT,L
910,Mid,24-Nov-15,6176 TT,L
911,Micro,06-Oct-15,6177,L
912,Mid,16-Oct-15,6180,L
913,Mid,20-Oct-15,6181,L
914,Micro,12-Nov-15,6182,L
915,Mid,28-Apr-15,6198 HK,L
916,Large,05-Sep-14,6199 HK,L
917,Large,04-Jun-15,6201,L
918,Micro,22-Jun-15,6239,L
919,Mid,02-Oct-14,6268,S
920,Small,12-Feb-15,6269,S
921,Small,08-Jul-15,6269 TT,S
922,Micro,19-Jun-15,6272,L
923,Large,12-Jun-14,6273,S
924,Small,30-Oct-15,6279,L
925,Small,29-Jul-15,6289,S
926,Micro,01-Jul-15,6291,S
927,Micro,18-Nov-15,6294,L
928,Micro,27-Nov-15,6300,L
929,Mega,15-Jan-15,6301,S
930,Large,07-Aug-15,6301,L
931,Micro,17-Jul-14,6303,L
932,Mid,17-Dec-14,6305,S
933,Mid,07-Aug-15,6305,L
934,Small,26-Sep-14,6310,S
935,Mid,27-Aug-15,6324,L
936,Large,18-May-15,6326,L
937,Small,15-Jun-15,6349,L
938,Mid,07-Oct-14,636 HK,L
939,Mid,05-Aug-15,636 HK,S
940,Micro,04-Mar-15,6364,S
941,Micro,30-Nov-15,6365,L
942,Mid,04-Nov-14,6366,S
943,Mid,12-Nov-15,6366,L
944,Mega,08-Jul-15,6367,S
945,Mid,18-May-15,6370,S
946,Mid,19-Nov-14,6383,L
947,Mid,12-Nov-15,6383,L
948,Mid,26-Jan-15,6395,L
949,Mid,19-Jun-15,6412,L
950,Mid,04-Feb-15,6417,L
951,Small,27-Jan-15,6432,L
952,Mid,05-Feb-15,6448,S
953,Mid,09-Nov-15,6448,S
954,Mid,08-Jul-15,6456 TT,L
955,Mid,04-Sep-14,6460,S
956,Mid,02-Apr-15,6460,S
957,Mid,20-Apr-15,6465,L
958,Large,03-Feb-15,6471,L
959,Large,02-Nov-15,6471,S
960,Large,02-Nov-15,6473,L
961,Mid,03-Apr-15,6474,L
962,Large,04-Dec-14,6479,L
963,Large,03-Sep-15,6479,L
964,Mid,06-Nov-15,6479,S
965,Mid,11-Jun-15,6481,S
966,Mid,06-Nov-15,6481,L
967,Small,25-Nov-15,6482,L
968,Mega,24-Oct-14,6501,L
969,Large,13-Jan-15,6502,S
970,Large,30-Mar-15,6502,S
971,Large,06-Oct-15,6502,S
972,Mega,29-Sep-14,6503,L
973,Mid,09-Jan-15,6506,L
974,Micro,08-Oct-14,6507,L
975,Small,31-Jul-15,6516,L
976,Mid,21-Jan-15,658 HK,L
977,Mid,28-Nov-14,6581,S
978,Large,01-Dec-14,6586,S
979,Large,13-Oct-15,6586,S
980,Mid,27-Jul-15,6588,L
981,Mid,14-Jan-14,6592,L
982,Large,24-Jun-13,6594,L
983,Mega,21-Oct-15,6594,L
984,Small,15-Apr-15,6624,S
985,Small,24-Jul-15,6624,L
986,Small,07-Oct-15,6632,L
987,Small,05-Nov-15,6632,L
988,Small,21-Nov-14,6640,L
989,Small,01-Apr-15,6640,S
990,Micro,30-Nov-15,6644,L
991,Large,22-Dec-14,6645,S
992,Mid,26-May-15,6674,L
993,Large,08-Apr-15,670 HK,L
994,Large,26-Nov-15,670 HK,S
995,Large,19-May-15,6701,S
996,Large,31-Jul-15,6701,L
997,Large,17-Nov-15,6701,L
998,Large,16-Jan-15,6702,L
999,Large,30-Jun-15,6702,S
1000,Mid,07-Jul-15,6703,L
1001,Small,05-Mar-15,6707,L
1002,Small,22-Apr-15,6728,L
1003,Mid,16-Dec-14,6740,L
1004,Mid,26-Mar-15,6740,S
1005,Mega,18-Mar-15,6752,L
1006,Mega,30-Apr-15,6752,L
1007,Mega,30-Jul-15,6752,S
1008,Mega,13-Oct-15,6752,S
1009,Mid,20-Feb-15,6753,S
1010,Mid,15-Dec-14,6754,S
1011,Small,27-Feb-15,6754,L
1012,Mid,11-Dec-14,6755,S
1013,Mid,20-May-15,6756,L
1014,Mid,30-Jul-15,6756,L
1015,Mega,13-May-15,6758,L
1016,Mega,05-Aug-15,6758,S
1017,Mega,01-Oct-15,6758,L
1018,Mega,30-Oct-15,6758,L
1019,Mega,14-Jul-15,6758_CB,L
1020,Large,24-Oct-14,6762,L
1021,Large,03-Aug-15,6762,L
1022,Large,09-Nov-15,6762,L
1023,Mid,30-Jan-15,6770,L
1024,Mid,16-Apr-15,6770,S
1025,Mid,28-May-15,6770,S
1026,Large,30-Jun-15,6770,L
1027,Large,25-Sep-15,6770,S
1028,Large,30-Oct-15,6770,S
1029,Small,15-Apr-15,6773,S
1030,Small,12-Aug-15,6773,L
1031,Small,07-Oct-15,6773,L
1032,Small,10-Nov-15,6773,S
1033,Micro,17-Apr-15,6778,L
1034,Small,07-Oct-15,6796,L
1035,Small,26-Aug-14,6804,L
1036,Mid,17-Feb-15,6806,L
1037,Large,26-Jun-15,6806,S
1038,Mid,01-Sep-15,6806,S
1039,Mid,10-Mar-15,6807,S
1040,Large,13-Aug-15,6808 HK,S
1041,Small,26-Mar-15,6810,S
1042,Small,25-Jun-14,6816,L
1043,Mid,23-Jun-15,6816,S
1044,Small,25-Sep-15,6816,S
1045,Small,01-Oct-15,6816,L
1046,Micro,19-May-15,6822,S
1047,Small,15-Apr-15,6832,L
1048,Mid,13-Nov-14,6856,L
1049,Mid,30-Sep-15,6856,L
1050,Mid,10-Sep-15,6857,S
1051,Small,08-Dec-14,6860,L
1052,Small,27-Feb-15,6875,L
1053,Small,01-Apr-15,6875,L
1054,Mega,24-Mar-15,688 HK,L
1055,Large,22-Jan-15,6881 HK,L
1056,Micro,22-May-15,6882 HK,L
1057,Mega,26-May-15,6886 HK,L
1058,Mega,26-May-15,6886 HK,L
1059,Micro,21-Apr-14,6889,S
1060,Micro,30-Nov-15,6889,L
1061,Micro,02-Sep-15,6890,L
1062,Small,29-May-15,6899 HK,L
1063,Mega,06-Jun-13,6902,L
1064,Mega,01-Oct-15,6902,L
1065,Small,19-Feb-15,6908,L
1066,Small,19-Aug-15,6908,L
1067,Small,20-Nov-15,6908,L
1068,Mid,17-Jun-15,6923,S
1069,Mid,05-Nov-15,6923,S
1070,Micro,30-Nov-15,6932,L
1071,Micro,27-Aug-15,6947,L
1072,Mid,08-Apr-14,6952,S
1073,Mega,12-Feb-15,6954,L
1074,Mega,13-Mar-15,6954,S
1075,Mega,11-Jun-15,6954,S
1076,Mega,29-Jul-15,6954,L
1077,Mega,06-Nov-15,6954,L
1078,Micro,19-Nov-15,6958,L
1079,Large,19-Dec-14,6963,S
1080,Large,26-Mar-15,6963,S
1081,Large,27-Aug-14,6971,S
1082,Large,18-Sep-15,6971,S
1083,Mid,05-Mar-15,6976,L
1084,Mid,22-Jun-15,6976,L
1085,Small,08-Apr-15,698 HK,L
1086,Mega,18-Dec-14,6981,L
1087,Mega,17-Feb-15,6981,L
1088,Mega,09-Nov-15,6981,L
1089,Mega,20-Nov-15,6981,L
1090,Small,26-Nov-15,6986,L
1091,Large,21-Jan-15,6988,L
1092,Large,22-Apr-15,6988,L
1093,Large,26-Aug-15,6988,L
1094,Large,12-May-15,699 HK,L
1095,Mid,14-Jul-15,699 HK,L
1096,Mid,21-Oct-15,6995,S
1097,Mid,22-Oct-15,6995,L
1098,Large,09-Feb-15,7011,L
1099,Mega,11-May-15,7011,L
1100,Large,12-Nov-14,7012,L
1101,Large,08-May-15,7012,S
1102,Large,25-Aug-15,7012,S
1103,Mid,25-Aug-15,7013,L
1104,Large,05-Nov-15,7181,S
1105,Mega,21-Aug-14,7201,S
1106,Mega,08-Jul-15,7201,S
1107,Large,10-Jun-15,7202,L
1108,Mega,25-Jun-15,7203,S
1109,Mega,21-Aug-15,7203,S
1110,Mega,25-Sep-15,7203,L
1111,Large,26-Aug-14,7205,S
1112,Large,15-May-15,7205,L
1113,Mid,14-Jul-11,7222,L
1114,Small,24-Oct-14,7230,L
1115,Large,23-Jun-15,7240,S
1116,Mid,03-Sep-15,7240,L
1117,Mid,11-Nov-15,7240,S
1118,Small,13-Aug-14,7246,L
1119,Mid,02-Mar-15,7248,L
1120,Mid,08-Jul-15,7248,S
1121,Mid,31-Aug-15,7248,L
1122,Large,11-Dec-14,7259,S
1123,Large,04-Nov-15,7259,S
1124,Large,02-Jun-14,7261,L
1125,Large,06-Jan-15,7261,S
1126,Large,04-Feb-15,7261,L
1127,Large,01-Apr-15,7261,S
1128,Large,27-May-15,7261,L
1129,Large,26-Sep-14,7262,S
1130,Mega,25-Nov-14,7267,S
1131,Mega,25-Mar-15,7267,S
1132,Large,16-Dec-14,7269,S
1133,Large,24-Feb-15,7269,L
1134,Large,20-Mar-15,7269,S
1135,Large,26-Jun-15,7269,L
1136,Mega,03-Aug-15,7269,L
1137,Large,25-Aug-15,7269,S
1138,Mega,09-Mar-15,7270,L
1139,Large,16-Dec-14,7272,S
1140,Large,24-Jun-15,7272,S
1141,Large,27-Aug-15,7272,L
1142,Large,29-Jul-15,7276,S
1143,Large,24-Sep-15,7276,L
1144,Mid,05-Jun-15,7278,L
1145,Mid,19-Mar-15,7282,S
1146,Mid,26-Nov-13,7287,L
1147,Micro,20-Jan-15,7291,S
1148,Micro,20-May-15,7291,L
1149,Large,04-Sep-15,7309,L
1150,Small,03-Dec-14,7312,S
1151,Small,13-Apr-15,7312,S
1152,Mid,14-May-15,7312,S
1153,Mid,08-Jul-15,7313,S
1154,Mid,08-Apr-15,732 HK,L
1155,Mid,10-Sep-15,7412,S
1156,Micro,15-Jan-14,7425,L
1157,Small,16-Oct-15,7445,L
1158,Mid,27-Nov-14,7453,L
1159,Mid,07-Jan-15,7453,S
1160,Mid,18-Feb-15,7453,L
1161,Micro,28-Nov-14,7475,L
1162,Micro,10-Mar-15,7475,S
1163,Small,19-Sep-13,7485,L
1164,Mid,17-Oct-14,750 HK,L
1165,Mid,29-Apr-15,751 HK,S
1166,Mid,08-Jul-15,751 HK,S
1167,Mid,08-Jul-15,751 HK,S
1168,Micro,16-Dec-14,7510,L
1169,Small,22-Apr-15,7518,L
1170,Large,28-Nov-14,753 HK,L
1171,Large,08-Apr-15,753 HK,L
1172,Mega,05-Jun-15,753 HK,L
1173,Mid,09-Dec-13,7532,L
1174,Small,24-Mar-15,7545,L
1175,Small,16-Jun-15,7545,L
1176,Small,15-Oct-15,7545,L
1177,Small,16-Oct-14,7552,L
1178,Small,07-Apr-15,7552,L
1179,Micro,26-Feb-15,7596,L
1180,Mid,17-Jul-15,7599,S
1181,Mid,06-Mar-14,7606,L
1182,Small,24-Feb-15,7613,L
1183,Small,07-Jul-15,7613,L
1184,Small,07-Jul-15,7613_CB,L
1185,Mega,14-Oct-15,762 HK,L
1186,Large,06-Nov-15,763 HK,S
1187,Large,26-Nov-15,763 HK,S
1188,Mid,30-Sep-15,7701,S
1189,Mid,09-Nov-15,7701,S
1190,Micro,22-Apr-15,7717,L
1191,Small,15-Oct-15,7718,L
1192,Large,24-Dec-14,7731,S
1193,Large,10-Mar-15,7731,L
1194,Large,22-Apr-15,7731,L
1195,Large,07-Aug-15,7731,L
1196,Mid,09-Sep-15,7732,S
1197,Mid,09-Jan-15,7735,S
1198,Mid,10-Sep-15,7735,L
1199,Large,31-Oct-14,7741,L
1200,Mega,12-Dec-14,7751,L
1201,Mega,10-Mar-15,7751,L
1202,Mega,15-Jun-15,7751,S
1203,Mega,30-Jul-15,7751,L
1204,Large,06-Jan-15,7752,S
1205,Mid,10-Apr-15,7762,S
1206,Mid,04-Aug-15,7762,L
1207,Mid,06-Jul-15,777 HK,S
1208,Small,25-Nov-15,7774,L
1209,Small,18-Jun-15,7780,L
1210,Small,08-Jul-15,7780,L
1211,Micro,02-Jul-15,7781,L
1212,Micro,30-Jun-15,7812,L
1213,Micro,19-Mar-15,7813,L
1214,Micro,21-Apr-15,7813,S
1215,Mid,20-Jan-15,7832,L
1216,Mid,20-Mar-15,7832,L
1217,Small,02-Nov-15,7844,S
1218,Small,06-Feb-15,7860,L
1219,Small,16-Jun-15,7860,S
1220,Mid,09-Oct-15,7862,L
1221,Small,18-Mar-15,7867,S
1222,Small,08-Jun-15,7867,L
1223,Small,30-Nov-15,7867,L
1224,Mid,04-Aug-15,787 HK,S
1225,Micro,23-Jul-15,7888,S
1226,Micro,28-Oct-15,7918,S
1227,Large,21-Aug-15,7936,S
1228,Micro,13-Nov-15,7953,L
1229,Mid,12-Dec-14,7956,L
1230,Mid,20-Apr-15,7956,L
1231,Mid,30-Oct-15,7956,L
1232,Mid,30-Nov-15,7956,L
1233,Mid,30-Oct-15,7965,L
1234,Micro,09-Oct-15,7971,L
1235,Large,08-Jan-15,7974,L
1236,Mega,19-Mar-15,7974,S
1237,Mega,20-Mar-15,7974,L
1238,Mega,13-Jul-15,7974,S
1239,Mega,11-Sep-15,7974,L
1240,Mega,29-Oct-15,7974,S
1241,Mid,26-Aug-15,7984,L
1242,Large,11-Nov-14,8001,S
1243,Large,08-Jul-15,8001,S
1244,Large,30-Sep-15,8001,L
1245,Micro,05-Jun-14,8006,L
1246,Mid,27-Nov-15,8012,L
1247,Large,01-May-14,8015,S
1248,Small,10-Mar-15,8022,L
1249,Mid,19-Nov-14,8028,S
1250,Mid,19-Mar-15,8028,S
1251,Mid,26-May-15,8028,L
1252,Mid,27-Aug-15,8028,L
1253,Mega,07-May-14,8031,L
1254,Mega,23-Apr-15,8031,L
1255,Mega,22-Jun-15,8031,L
1256,Large,28-Apr-15,8035,L
1257,Large,30-Jul-15,8035,L
1258,Mid,09-Jan-15,8036,S
1259,Micro,15-Mar-13,8046,L
1260,Small,08-Sep-14,8050,S
1261,Small,20-Apr-15,8051,L
1262,Large,29-Jul-15,8053,S
1263,Large,30-Sep-15,8053,S
1264,Mid,27-Mar-15,8056,S
1265,Mega,23-Apr-15,8058,L
1266,Mega,05-Nov-15,8058,S
1267,Mid,13-May-15,8086,L
1268,Small,22-Jul-15,8086 TT,S
1269,Mid,20-Nov-14,8088,L
1270,Mid,22-Jan-15,8088,S
1271,Large,17-Mar-15,8113,S
1272,Large,11-May-15,8113,S
1273,Large,08-Jul-15,8113,S
1274,Large,30-Oct-15,8113,L
1275,Small,25-Jul-14,8125,L
1276,Mid,23-Feb-15,8136,S
1277,Mid,20-Aug-15,8136,L
1278,Micro,14-Nov-14,8141,L
1279,Mid,07-Nov-14,816 HK,L
1280,Mid,09-Apr-15,816 HK,L
1281,Mid,04-Sep-15,8174,S
1282,Mid,29-Jan-15,8184,L
1283,Mid,24-Nov-15,8184,L
1284,Mid,17-Mar-15,8202,S
1285,Mid,25-Aug-15,8202,S
1286,Mid,29-Jan-15,8214,L
1287,Mid,27-Aug-15,8218,L
1288,Mid,30-Jan-15,8219,L
1289,Mid,19-Oct-15,8219,L
1290,Mid,21-May-15,8227,L
1291,Mid,17-Nov-15,8227,S
1292,Mid,27-Jan-15,8233,L
1293,Mid,18-Mar-15,8233,S
1294,Small,14-Aug-14,8237,L
1295,Mid,08-Jun-15,8242,L
1296,Small,30-Apr-15,825 HK,L
1297,Small,19-Nov-15,8251,L
1298,Mid,14-May-15,8252,L
1299,Mid,16-Apr-14,8253,L
1300,Mid,02-Oct-15,8253,L
1301,Large,18-Feb-15,8267,S
1302,Large,19-Aug-15,8267,S
1303,Large,03-Sep-15,8267,L
1304,Mid,06-Nov-15,8273,L
1305,Small,29-Jan-15,8281,L
1306,Small,29-Jul-15,8281,L
1307,Mid,21-Jul-15,8282,L
1308,Small,24-Apr-15,830 HK,L
1309,Large,05-Aug-15,8303,L
1310,Mega,07-May-15,8306,S
1311,Mega,03-Mar-15,8316,S
1312,Mega,07-May-15,8316,S
1313,Small,16-Jul-15,8337,S
1314,Large,16-Jul-15,836 HK,S
1315,Large,18-Aug-15,836 HK,S
1316,Micro,15-Jun-15,8365,L
1317,Small,14-Nov-14,8397,L
1318,Large,07-Jul-15,8410,L
1319,Mid,25-Aug-15,8410,L
1320,Mega,24-Aug-15,8411,S
1321,Mega,09-Sep-15,8411,L
1322,Mid,24-Jul-15,8515,L
1323,Mid,10-Nov-15,8515,L
1324,Mega,19-Jan-15,857 HK,S
1325,Mega,20-Oct-15,857 HK,S
1326,Large,12-Aug-15,8570,S
1327,Large,06-Nov-15,8572,S
1328,Large,06-Nov-15,8572,S
1329,Mid,21-Nov-14,8595,S
1330,Mid,25-Aug-15,8595,S
1331,Mid,07-Oct-15,8595,L
1332,Large,19-Dec-14,8601,L
1333,Large,03-Apr-15,8601,S
1334,Mega,04-Nov-14,8604,L
1335,Mega,06-Oct-15,8604,L
1336,Mid,05-Sep-14,861 HK,L
1337,Mid,27-Jan-15,8628,L
1338,Mid,02-Mar-15,868 HK,L
1339,Large,04-Nov-14,8697,L
1340,Small,21-Jul-15,8698,L
1341,Mid,22-Apr-15,8714,S
1342,Large,30-Jun-15,8729,S
1343,Large,07-Jul-15,8729,S
1344,Mega,18-Jun-15,8750,L
1345,Mega,09-Jun-15,8766,L
1346,Mega,09-Jun-15,8766,L
1347,Small,02-Jul-15,8789,S
1348,Large,17-Sep-15,8795,S
1349,Mega,17-Jun-14,8801,L
1350,Mega,05-Aug-15,8801,L
1351,Mega,20-Oct-15,8801,L
1352,Mega,11-Nov-15,8801,L
1353,Mega,11-Jun-14,8802,L
1354,Mega,12-Aug-15,8802,L
1355,Mega,11-Nov-15,8802,L
1356,Mid,20-Oct-15,8804,S
1357,Small,16-Sep-15,881 HK,L
1358,Mid,23-Apr-15,882 HK,L
1359,Mega,03-Feb-15,883 HK,S
1360,Mega,14-Jul-15,883 HK,S
1361,Large,19-Oct-15,8830,S
1362,Large,30-Nov-15,8830,L
1363,Mid,20-Oct-15,8840,S
1364,Mid,24-Nov-15,8840,L
1365,Small,19-Sep-08,8841,L
1366,Mid,24-Nov-15,8848,L
1367,Small,24-Nov-15,8850,L
1368,Small,16-Apr-15,8871,L
1369,Micro,24-Nov-15,8914,L
1370,Micro,08-Apr-15,8944,L
1371,Large,05-Jun-15,8951,S
1372,Large,05-Jun-15,8952,S
1373,Mid,03-Sep-15,8953,S
1374,Mid,11-Mar-15,8954,S
1375,Mid,25-Aug-15,8954,S
1376,Mid,10-Jun-15,8955,S
1377,Mid,14-Jan-15,8956,L
1378,Small,13-Apr-07,8958,L
1379,Mid,05-Jun-15,8959,L
1380,Mid,10-Sep-15,8960,L
1381,Mid,10-Sep-15,8960,S
1382,Small,24-Jun-14,8963,L
1383,Mid,09-Jul-15,8963,S
1384,Small,18-Nov-14,8966,L
1385,Small,30-Nov-15,8966,L
1386,Mid,10-Sep-15,8967,S
1387,Mid,21-Apr-15,8968,S
1388,Small,27-Nov-14,8975,L
1389,Small,22-Apr-15,8975,S
1390,Mid,21-May-15,8976,S
1391,Small,21-Jan-15,8982,L
1392,Mid,06-Jan-15,8985,L
1393,Mid,16-Jun-15,8985,S
1394,Small,21-May-15,8986,S
1395,Mid,27-Aug-15,8986,L
1396,Mid,25-Nov-15,8986,L
1397,Mid,07-Jul-15,8987,L
1398,Mid,17-Sep-15,8987,L
1399,Mid,13-Jan-15,9001,L
1400,Mid,03-Jul-15,9006,L
1401,Large,20-Nov-15,9007,L
1402,Mid,03-Jul-15,9008,L
1403,Mid,14-Apr-15,9009,L
1404,Mega,11-Jun-14,9020,L
1405,Large,08-Sep-15,9021,S
1406,Large,09-Nov-15,9021,L
1407,Large,02-Sep-14,9024,S
1408,Large,22-May-15,9024,L
1409,Large,22-May-15,9024,L
1410,Mid,24-Jun-15,9031,L
1411,Mid,10-Jul-15,9044,L
1412,Large,31-Oct-14,9064,S
1413,Large,21-May-15,9064,S
1414,Large,02-Jul-15,9064,L
1415,Large,13-Aug-15,9064,S
1416,Large,01-Sep-15,9064,L
1417,Mid,04-Mar-15,9065,L
1418,Mid,23-Oct-15,9076,L
1419,Micro,10-Mar-15,9090,L
1420,Micro,10-Mar-15,9090,S
1421,Mid,26-Nov-14,9101,L
1422,Large,27-May-15,9101,S
1423,Mid,15-Sep-15,9101,S
1424,Mid,16-Dec-14,9104,S
1425,Mid,27-May-15,9104,S
1426,Mid,04-Aug-14,9107,L
1427,Mid,23-Feb-15,9107,L
1428,Mid,28-Apr-15,9107,S
1429,Mid,26-Jun-15,9107,L
1430,Large,24-Apr-14,916 HK,L
1431,Large,31-Oct-14,9201,L
1432,Large,03-Feb-15,9201,S
1433,Large,02-Jun-15,9201,S
1434,Large,09-Jun-15,9201,L
1435,Large,25-Aug-15,9201,L
1436,Large,17-Nov-15,9201,S
1437,Large,02-Dec-14,9202,L
1438,Large,02-Jun-15,9202,S
1439,Large,25-Aug-15,9202,L
1440,Large,14-Sep-15,9202,S
1441,Large,17-Nov-15,9202,S
1442,Micro,10-Dec-14,9204,S
1443,Mid,21-Apr-15,921 HK,L
1444,Micro,20-Nov-15,9232,L
1445,Micro,20-Nov-15,9232,L
1446,Mid,15-Sep-15,9301,S
1447,Mid,09-Jan-15,9303,L
1448,Mid,17-Feb-15,9375,S
1449,Mid,19-Nov-14,940 HK,L
1450,Mid,04-Jun-15,9404,S
1451,Large,10-Aug-15,9404,S
1452,Mid,19-Aug-15,9412,S
1453,Small,24-Jul-15,9413,S
1454,Micro,09-Jun-15,9417,L
1455,Small,19-Aug-15,9418,S
1456,Micro,26-Nov-15,9419,L
1457,Micro,04-Sep-15,9421,L
1458,Small,18-Feb-15,9422,L
1459,Small,10-Oct-14,9424,S
1460,Small,30-Jan-15,9424,S
1461,Small,03-Apr-15,9424,L
1462,Small,28-May-15,9424,S
1463,Small,14-Sep-15,9424,S
1464,Small,26-Nov-15,9424,L
1465,Mega,22-Jan-15,9432,L
1466,Mega,19-Dec-14,9433,S
1467,Mega,16-Mar-15,9433,L
1468,Mega,15-Sep-15,9433,L
1469,Mega,29-Sep-15,9433,S
1470,Mid,07-Sep-15,9435,L
1471,Mid,07-Sep-15,9435,L
1472,Mega,27-Aug-15,9437,L
1473,Mega,14-Sep-15,9437,S
1474,Mega,29-Sep-15,9437,S
1475,Small,12-Mar-15,9438,S
1476,Small,26-Jun-15,9438,S
1477,Mid,18-Dec-14,9468,L
1478,Mid,17-Feb-15,9468,L
1479,Small,10-Aug-15,9468,L
1480,Small,20-Nov-15,9474,L
1481,Small,20-Nov-15,9474,L
1482,Large,28-Jan-15,9501,L
1483,Large,05-Jun-15,9501,S
1484,Large,03-Jul-15,9501,L
1485,Large,25-Aug-15,9502,S
1486,Large,15-Jun-15,9503,S
1487,Large,14-Aug-15,9503,L
1488,Large,30-Jul-15,9504,L
1489,Mid,15-Jun-15,9505,S
1490,Large,16-Jul-15,9506,L
1491,Large,12-Jun-15,9508,S
1492,Large,04-Mar-15,9513,S
1493,Mid,17-Sep-15,9533,L
1494,Mid,12-Nov-15,9533,S
1495,Mid,29-Jan-15,9603,L
1496,Mid,22-May-15,9603,S
1497,Mid,14-Aug-15,9603,L
1498,Mid,03-Sep-15,9603,S
1499,Mid,16-Nov-15,9603,S
1500,Mid,28-Oct-15,9605,L
1501,Micro,24-Jul-15,9610,S
1502,Large,24-Jun-15,9613,L
1503,Large,09-Oct-15,9613,S
1504,Small,02-Jun-14,9616,L
1505,Mid,12-Jun-15,9616,S
1506,Micro,30-Sep-13,9639,L
1507,Micro,17-May-13,9640,L
1508,Micro,15-Jun-15,9658,L
1509,Small,25-May-15,9663,L
1510,Mid,14-Feb-14,967 HK,L
1511,Mid,04-Aug-14,9684,L
1512,Mid,11-Mar-15,9684,L
1513,Mid,16-Jun-15,9684,L
1514,Mid,09-Nov-15,9684,L
1515,Mid,23-Jan-15,9697,L
1516,Mid,20-May-15,9697,L
1517,Mid,10-Sep-15,9697,L
1518,Mid,23-Apr-13,9706,L
1519,Mid,08-May-15,9706,L
1520,Mid,02-Jun-15,9706,S
1521,Mid,09-Jun-15,9706,L
1522,Mid,14-Jul-15,9706,L
1523,Mid,13-Oct-15,9706,L
1524,Mid,17-Nov-15,9706,S
1525,Mid,13-May-15,9719,L
1526,Mid,01-Sep-15,9719,S
1527,Small,06-Aug-15,9728,L
1528,Small,10-Apr-15,9742,L
1529,Mid,14-Oct-15,9744,L
1530,Small,11-Oct-13,9749,L
1531,Micro,23-Jan-15,9761,L
1532,Mid,01-Dec-14,9766,L
1533,Mid,20-Mar-15,9766,S
1534,Mid,07-Aug-15,9766,S
1535,Micro,08-Sep-15,9769,L
1536,Micro,08-Sep-15,9769,L
1537,Mid,07-Sep-15,9783,S
1538,Mid,24-Nov-15,9787,L
1539,Small,12-Dec-14,9792,L
1540,Small,18-May-15,9792,L
1541,Mid,04-May-15,981 HK,L
1542,Mid,12-Mar-15,9831,L
1543,Mid,28-Sep-15,9831,L
1544,Micro,18-Dec-14,9837,L
1545,Large,20-Feb-15,9843,L
1546,Micro,11-Aug-15,9866,L
1547,Large,27-Aug-14,991 HK,L
1548,Large,13-Mar-15,992 HK,S
1549,Large,30-Jul-15,992 HK,S
1550,Small,25-Sep-15,9951 TT,L
1551,Small,12-May-14,9956,L
1552,Mega,02-Oct-14,9983,L
1553,Mega,09-Jul-15,9983,S
1554,Mega,08-Nov-13,9984,L
1555,Mega,12-Feb-15,9984,L
1556,Mega,08-Jul-15,9984,S
1557,Mega,07-Aug-15,9984,L
1558,Micro,03-Mar-15,9986,L
1559,Mid,20-Jan-15,9989,L
1560,Small,19-Jun-15,9990,L
1561,Index,16-Nov-15,BZAG6C 52,L
1562,Index,01-Sep-15,BZAZ5,S
1563,Mega,12-Dec-14,CAJ US,L
1564,Mid,02-Mar-15,CEWL SP,L
1565,Index,02-Sep-15,COZ5,L
1566,Index,25-Aug-15,COZ5C 53,L
1567,Index,14-Aug-15,HACK US,L
1568,Index,19-Jan-15,HCF5,S
1569,Index,28-Jan-15,HCG5,S
1570,Index,30-Mar-15,HCJ5,L
1571,Index,09-Apr-15,HCJ5,S
1572,Index,13-Apr-15,HCJ5,S
1573,Index,24-Apr-15,HCK5,S
1574,Index,10-Jun-15,HCM5,L
1575,Index,08-Jul-15,HCN5,S
1576,Index,30-Jul-15,HCQ5,S
1577,Index,27-Aug-15,HCU5,S
1578,Index,25-Sep-15,HCV5,S
1579,Index,28-Oct-15,HCX5,S
1580,Index,28-Oct-15,HCX5,S
1581,Index,25-Nov-15,HCZ5,S
1582,Index,24-Dec-14,HIF5,S
1583,Index,28-Jan-15,HIG5,S
1584,Index,25-Feb-15,HIH5,S
1585,Index,10-Dec-14,JPWH5,L
1586,Index,10-Dec-14,NKH5,S
1587,Index,28-Apr-15,NKM5,S
1588,Index,10-Jun-15,NKU5,S
1589,Index,02-Sep-15,NKU5,S
1590,Index,25-Sep-15,NKY 1 C19000,L
1591,Index,05-Nov-15,NKY 1 C20000,L
1592,Index,09-Sep-15,NKZ5,S
1593,Mid,14-Jan-15,NOL SP,L
1594,Index,25-Aug-15,SPIL US,L
1595,Index,10-Dec-14,TPH5,S
1596,Index,11-Mar-15,TPM5,S
1597,Index,10-Jun-15,TPU5,S
1598,Index,30-Jul-15,TPU5,S
1599,Index,09-Sep-15,TPZ5,S
1600,Micro,27-Nov-15,6184,L
