,GICS,TOPIX,Turnover,advisor,code,currencyCode,sector,side,strategy,firstTradeDate
2014/12/31,Consumer Discretionary,Construction,68715000,HA,1407,JPY,Tail,S,Solar,2014-12-03
2014/12/31,Consumer Discretionary,Construction,10892600,HA,1407,JPY,Tail,S,Solar,2014-12-03
2014/12/31,Consumer Discretionary,Construction,2850400,HA,1407,JPY,Tail,S,Solar,2014-12-03
2014/12/31,Index,Index,2858498100,Bal,1552,JPY,Vol,L,Balance,2012-03-19
2014/12/31,Index,Index,444153880,Bal,1552,JPY,Vol,L,Balance,2012-03-19
2014/12/31,Index,Index,114364520,Bal,1552,JPY,Vol,L,Balance,2012-03-19
2014/12/31,Industrials,Construction,28908000,HA,1793,JPY,Tail,L,Abe,2014-07-18
2014/12/31,Industrials,Construction,10286000,HA,1799,JPY,Tail,L,Abe,2014-07-18
2014/12/31,Industrials,Construction,27048000,HA,1810,JPY,TailRR,L,Abe,2013-10-29
2014/12/31,Industrials,Construction,520457000,HA,1812,JPY,TailRR,L,Abe,2014-03-14
2014/12/31,Industrials,Construction,88323000,HA,1812,JPY,TailRR,L,Abe,2014-03-14
2014/12/31,Industrials,Construction,25948000,HA,1812,JPY,TailRR,L,Abe,2014-03-14
2014/12/31,Industrials,Construction,1093596000,HA,1824,JPY,Tail,L,Abe,2014-09-30
2014/12/31,Industrials,Construction,169764000,HA,1824,JPY,Tail,L,Abe,2014-09-30
2014/12/31,Industrials,Construction,44415000,HA,1824,JPY,Tail,L,Abe,2014-09-30
2014/12/31,Industrials,Construction,3990000,HA,1867,JPY,Tail,L,Abe,2014-12-26
2014/12/31,Industrials,Construction,23193000,HA,1869,JPY,Tail,L,Abe,2013-09-05
2014/12/31,Industrials,Construction,512325000,HA,1885,JPY,TailSens,L,Abe,2013-10-15
2014/12/31,Industrials,Construction,94599000,HA,1885,JPY,TailSens,L,Abe,2013-10-15
2014/12/31,Industrials,Construction,90045000,HA,1885,JPY,TailSens,L,Abe,2013-10-15
2014/12/31,Industrials,Construction,725493600,HA,1893,JPY,Tail,L,Abe,2014-11-13
2014/12/31,Industrials,Construction,31588200,HA,1893,JPY,Tail,L,Abe,2014-11-13
2014/12/31,Industrials,Construction,118652400,HA,1893,JPY,Tail,L,Abe,2014-11-13
2014/12/31,Industrials,Construction,43475000,HA,1938,JPY,Tail,L,Abe,2013-10-29
2014/12/31,Industrials,Construction,699556000,HA,1944,JPY,Tail,L,North,2014-07-09
2014/12/31,Industrials,Construction,34244000,HA,1944,JPY,Tail,L,North,2014-07-09
2014/12/31,Industrials,Construction,123523000,HA,1944,JPY,Tail,L,North,2014-07-09
2014/12/31,Industrials,Construction,30704000,HA,1961,JPY,Tail,L,Abe,2014-06-10
2014/12/31,Industrials,Construction,115544000,HA,1961,JPY,Tail,L,Abe,2014-06-10
2014/12/31,Consumer Staples,Foods,1448825000,SM,2206,JPY,Tail,L,Foods,2014-10-31
2014/12/31,Consumer Staples,Foods,65450000,SM,2206,JPY,Tail,L,Foods,2014-10-31
2014/12/31,Consumer Staples,Foods,240550000,SM,2206,JPY,Tail,L,Foods,2014-10-31
2014/12/31,Consumer Staples,Foods,1437710000,SM,2282,JPY,Tail,L,Foods,2014-12-16
2014/12/31,Consumer Staples,Foods,60674000,SM,2282,JPY,Tail,L,Foods,2014-12-16
2014/12/31,Consumer Staples,Foods,229506000,SM,2282,JPY,Tail,L,Foods,2014-12-16
2014/12/31,Information Technology,Information  and  Communication,589360000,TT,2326,JPY,Tail,L,Blackswan,2013-07-25
2014/12/31,Information Technology,Information  and  Communication,44520000,TT,2326,JPY,Tail,L,Blackswan,2013-07-25
2014/12/31,Information Technology,Information  and  Communication,108120000,TT,2326,JPY,Tail,L,Blackswan,2013-07-25
2014/12/31,Health Care,Services,1364918100,HA,2413,JPY,TailRR,L,Healthcare,2013-09-12
2014/12/31,Health Care,Services,212617300,HA,2413,JPY,TailRR,L,Healthcare,2013-09-12
2014/12/31,Health Care,Services,54823300,HA,2413,JPY,TailRR,L,Healthcare,2013-09-12
2014/12/31,Information Technology,Services,1971187200,TT,2432,JPY,Tail,L,SNS,2014-12-12
2014/12/31,Information Technology,Services,313203600,TT,2432,JPY,Tail,L,SNS,2014-12-12
2014/12/31,Information Technology,Services,81843600,TT,2432,JPY,Tail,L,SNS,2014-12-12
2014/12/31,Information Technology,Services,45562500,TT,2468,JPY,Tail,L,Voice,2014-07-08
2014/12/31,Information Technology,Services,12500000,TT,2468,JPY,Tail,L,Voice,2014-07-08
2014/12/31,Consumer Staples,Foods,1422449400,SM,2503,JPY,Tail,S,Foods,2014-12-16
2014/12/31,Consumer Staples,Foods,58981800,SM,2503,JPY,Tail,S,Foods,2014-12-16
2014/12/31,Consumer Staples,Foods,225597900,SM,2503,JPY,Tail,S,Foods,2014-12-16
2014/12/31,Consumer Staples,Foods,553372400,SM,2607,JPY,Tail,L,Foods,2014-09-24
2014/12/31,Consumer Staples,Foods,94279400,SM,2607,JPY,Tail,L,Foods,2014-09-24
2014/12/31,Consumer Staples,Foods,26299800,SM,2607,JPY,Tail,L,Foods,2014-09-24
2014/12/31,Consumer Discretionary,Retail Trade,134300000,SM,2685,JPY,Tail,L,Retail,2014-09-18
2014/12/31,Consumer Discretionary,Retail Trade,34444000,SM,2685,JPY,Tail,L,Retail,2014-09-18
2014/12/31,Consumer Discretionary,Retail Trade,675121000,SM,2702,JPY,Tail,S,Yutai,2014-12-16
2014/12/31,Consumer Discretionary,Retail Trade,107304000,SM,2702,JPY,Tail,S,Yutai,2014-12-16
2014/12/31,Consumer Discretionary,Retail Trade,27878000,SM,2702,JPY,Tail,S,Yutai,2014-12-16
2014/12/31,Consumer Discretionary,Other Products,333926000,TT,2706,JPY,Tail,L,Gamesoft,2014-10-10
2014/12/31,Consumer Discretionary,Other Products,56735000,TT,2706,JPY,Tail,L,Gamesoft,2014-10-10
2014/12/31,Consumer Discretionary,Other Products,14589000,TT,2706,JPY,Tail,L,Gamesoft,2014-10-10
2014/12/31,Consumer Discretionary,Retail Trade,215812000,SM,2726,JPY,Tail,L,Retail,2014-12-15
2014/12/31,Consumer Discretionary,Wholesale Trade,181557600,TT,2767,JPY,Tail,S,Pachinko,2014-09-04
2014/12/31,Consumer Staples,Foods,1390660000,SM,2802,JPY,Tail,L,Foods,2014-09-18
2014/12/31,Consumer Staples,Foods,237758000,SM,2802,JPY,Tail,L,Foods,2014-09-18
2014/12/31,Consumer Staples,Foods,65047000,SM,2802,JPY,Tail,L,Foods,2014-09-18
2014/12/31,Consumer Staples,Foods,634556900,SM,2809,JPY,Tail,L,Foods,2014-12-04
2014/12/31,Consumer Staples,Foods,100394600,SM,2809,JPY,Tail,L,Foods,2014-12-04
2014/12/31,Consumer Staples,Foods,26111600,SM,2809,JPY,Tail,L,Foods,2014-12-04
2014/12/31,Consumer Staples,Foods,20197100,HA,2904,JPY,Tail,S,Index,2014-12-16
2014/12/31,Consumer Staples,Foods,249559200,HA,2931,JPY,Tail,S,Biohazard,2014-11-27
2014/12/31,Consumer Staples,Foods,41141100,HA,2931,JPY,Tail,S,Biohazard,2014-11-27
2014/12/31,Consumer Staples,Foods,10699700,HA,2931,JPY,Tail,S,Biohazard,2014-11-27
2014/12/31,Information Technology,Wholesale Trade,398370000,Adv,3107,JPY,TailRR,L,Blackswan,2013-02-08
2014/12/31,Information Technology,Wholesale Trade,61950000,Adv,3107,JPY,TailRR,L,Blackswan,2013-02-08
2014/12/31,Information Technology,Wholesale Trade,17010000,Adv,3107,JPY,TailRR,L,Blackswan,2013-02-08
2014/12/31,Industrials,Wholesale Trade,16915000,HA,3166,JPY,Tail,S,Index,2014-12-30
2014/12/31,Financials,Real Estate,36205000,HA,3230,JPY,Tail,L,Real Estate,2014-01-16
2014/12/31,Financials,Real Estate,702975000,HA,3278,JPY,Tail,L,REIT,2013-07-18
2014/12/31,Financials,Real Estate,109592000,HA,3278,JPY,Tail,L,REIT,2013-07-18
2014/12/31,Financials,Real Estate,28119000,HA,3278,JPY,Tail,L,REIT,2013-07-18
2014/12/31,Financials,Real Estate,189128100,HA,3288,JPY,Tail,L,Housing,2014-12-19
2014/12/31,Financials,Real Estate,30374400,HA,3288,JPY,Tail,L,Housing,2014-12-19
2014/12/31,Financials,Real Estate,7830900,HA,3288,JPY,Tail,L,Housing,2014-12-19
2014/12/31,Consumer Discretionary,Real Estate,705153800,HA,3291,JPY,Tail,L,Housing,2014-12-19
2014/12/31,Consumer Discretionary,Real Estate,112180200,HA,3291,JPY,Tail,L,Housing,2014-12-19
2014/12/31,Consumer Discretionary,Real Estate,29116600,HA,3291,JPY,Tail,L,Housing,2014-12-19
2014/12/31,Financials,Real Estate,356875100,HA,3309,JPY,Tail,L,IPO,2014-11-25
2014/12/31,Financials,Real Estate,57421800,HA,3309,JPY,Tail,L,IPO,2014-11-25
2014/12/31,Financials,Real Estate,14563500,HA,3309,JPY,Tail,L,IPO,2014-11-25
2014/12/31,Consumer Discretionary,Retail Trade,70659600,SM,3333,JPY,Tail,L,Bicycle,2014-02-25
2014/12/31,Consumer Discretionary,Retail Trade,19220300,SM,3333,JPY,Tail,L,Bicycle,2014-02-25
2014/12/31,Consumer Discretionary,Retail Trade,361164600,SM,3397,JPY,Tail,L,Retail,2014-08-06
2014/12/31,Consumer Discretionary,Retail Trade,26828400,SM,3397,JPY,Tail,L,Retail,2014-08-06
2014/12/31,Materials,Textiles  and  Apparel,674421000,CS,3401,JPY,CH,L,Chemicals,2014-11-05
2014/12/31,Materials,Textiles  and  Apparel,110745000,CS,3401,JPY,CH,L,Chemicals,2014-11-05
2014/12/31,Materials,Textiles  and  Apparel,30174000,CS,3401,JPY,CH,L,Chemicals,2014-11-05
2014/12/31,Materials,Textiles  and  Apparel,710658800,CS,3402,JPY,CH,L,Chemicals,2014-11-21
2014/12/31,Materials,Textiles  and  Apparel,110374800,CS,3402,JPY,CH,L,Chemicals,2014-11-21
2014/12/31,Materials,Textiles  and  Apparel,28077800,CS,3402,JPY,CH,L,Chemicals,2014-11-21
2014/12/31,Information Technology,Metal Products,350674500,CS,3436,JPY,Tech,L,Tech,2014-11-27
2014/12/31,Information Technology,Metal Products,14691600,CS,3436,JPY,Tech,L,Tech,2014-11-27
2014/12/31,Information Technology,Metal Products,56142900,CS,3436,JPY,Tech,L,Tech,2014-11-27
2014/12/31,Financials,Real Estate,381743100,HA,3451,JPY,Tail,L,IPO,2014-11-20
2014/12/31,Financials,Real Estate,14677200,HA,3451,JPY,Tail,L,IPO,2014-11-20
2014/12/31,Financials,Real Estate,56806200,HA,3451,JPY,Tail,L,IPO,2014-11-20
2014/12/31,Information Technology,Information  and  Communication,1449743000,TT,3626,JPY,Tail,L,Software,2014-10-10
2014/12/31,Information Technology,Information  and  Communication,65484000,TT,3626,JPY,Tail,L,Software,2014-10-10
2014/12/31,Information Technology,Information  and  Communication,238107100,TT,3626,JPY,Tail,L,Software,2014-10-10
2014/12/31,Information Technology,Information  and  Communication,4564800,TT,3655,JPY,Tail,L,Wearable,2014-12-29
2014/12/31,Information Technology,Information  and  Communication,171612000,TT,3769,JPY,Tail,L,NFC,2014-09-19
2014/12/31,Information Technology,Information  and  Communication,9709200,TT,3793,JPY,Tail,S,SNS,2014-10-22
2014/12/31,Information Technology,Information  and  Communication,39735800,TT,3793,JPY,Tail,S,SNS,2014-10-22
2014/12/31,Materials,Pulp  and  Paper,605268000,CS,3880,JPY,Tail,L,Paper,2014-09-09
2014/12/31,Materials,Pulp  and  Paper,29670000,CS,3880,JPY,Tail,L,Paper,2014-09-09
2014/12/31,Materials,Pulp  and  Paper,105823000,CS,3880,JPY,Tail,L,Paper,2014-09-09
2014/12/31,Materials,Chemicals,2063306000,CS,4042,JPY,CH,L,Chemicals,2014-09-25
2014/12/31,Materials,Chemicals,82626000,CS,4042,JPY,CH,L,Chemicals,2014-09-25
2014/12/31,Materials,Chemicals,321128000,CS,4042,JPY,CH,L,Chemicals,2014-09-25
2014/12/31,Materials,Chemicals,66504000,CS,4082,JPY,Tail,L,Hydro,2014-10-20
2014/12/31,Materials,Chemicals,1190934000,CS,4182,JPY,CH,S,Chemicals,2014-11-28
2014/12/31,Materials,Chemicals,49167000,CS,4182,JPY,CH,S,Chemicals,2014-11-28
2014/12/31,Materials,Chemicals,187563000,CS,4182,JPY,CH,S,Chemicals,2014-11-28
2014/12/31,Consumer Discretionary,Services,226319800,TT,4293,JPY,Tail,L,Internet,2014-09-29
2014/12/31,Consumer Staples,Chemicals,1464680300,SM,4452,JPY,Tail,L,Toilet,2014-10-22
2014/12/31,Consumer Staples,Chemicals,232141600,SM,4452,JPY,Tail,L,Toilet,2014-10-22
2014/12/31,Consumer Staples,Chemicals,60889600,SM,4452,JPY,Tail,L,Toilet,2014-10-22
2014/12/31,Health Care,Pharmaceutical,232970400,HA,4519,JPY,TailSens,L,Blackswan,2014-04-14
2014/12/31,Health Care,Pharmaceutical,39717600,HA,4519,JPY,TailSens,L,Blackswan,2014-04-14
2014/12/31,Health Care,Pharmaceutical,11856000,HA,4519,JPY,TailSens,L,Blackswan,2014-04-14
2014/12/31,Health Care,Pharmaceutical,297137300,HA,4549,JPY,Tail,L,Blackswan,2014-04-14
2014/12/31,Health Care,Pharmaceutical,92477400,HA,4549,JPY,Tail,L,Blackswan,2014-04-14
2014/12/31,Health Care,Pharmaceutical,28289500,HA,4549,JPY,Tail,L,Blackswan,2014-04-14
2014/12/31,Health Care,Pharmaceutical,65512200,Adv,4551,JPY,Tail,L,EF,2013-03-22
2014/12/31,Health Care,Pharmaceutical,18296200,Adv,4551,JPY,Tail,L,EF,2013-03-22
2014/12/31,Health Care,Pharmaceutical,617288000,HA,4587,JPY,Tail,L,Biohazard,2014-12-11
2014/12/31,Health Care,Pharmaceutical,98301000,HA,4587,JPY,Tail,L,Biohazard,2014-12-11
2014/12/31,Health Care,Pharmaceutical,25368000,HA,4587,JPY,Tail,L,Biohazard,2014-12-11
2014/12/31,Industrials,Services,651572000,HA,4651,JPY,Tail,S,Solar,2014-09-25
2014/12/31,Industrials,Services,108445000,HA,4651,JPY,Tail,S,Solar,2014-09-25
2014/12/31,Industrials,Services,27183000,HA,4651,JPY,Tail,S,Solar,2014-09-25
2014/12/31,Consumer Discretionary,Services,281248000,SM,4680,JPY,Tail,S,Leisure,2014-12-24
2014/12/31,Consumer Discretionary,Services,45056000,SM,4680,JPY,Tail,S,Leisure,2014-12-24
2014/12/31,Consumer Discretionary,Services,11545600,SM,4680,JPY,Tail,S,Leisure,2014-12-24
2014/12/31,Information Technology,Information  and  Communication,609550000,TT,4704,JPY,TailSens,L,Internet,2014-12-02
2014/12/31,Information Technology,Information  and  Communication,96192000,TT,4704,JPY,TailSens,L,Internet,2014-12-02
2014/12/31,Information Technology,Information  and  Communication,25050000,TT,4704,JPY,TailSens,L,Internet,2014-12-02
2014/12/31,Industrials,Services,295363500,TT,4708,JPY,TailRR,L,Big Bro,2013-12-09
2014/12/31,Industrials,Services,50286500,TT,4708,JPY,TailRR,L,Big Bro,2013-12-09
2014/12/31,Industrials,Services,13157000,TT,4708,JPY,TailRR,L,Big Bro,2013-12-09
2014/12/31,Information Technology,Information  and  Communication,507949200,Adv,4813,JPY,TailRR,L,Internet,2012-08-20
2014/12/31,Information Technology,Information  and  Communication,85750400,Adv,4813,JPY,TailRR,L,Internet,2012-08-20
2014/12/31,Information Technology,Information  and  Communication,48310800,Adv,4813,JPY,TailRR,L,Internet,2012-08-20
2014/12/31,Information Technology,Information  and  Communication,364149800,TT,4819,JPY,Tail,S,Internet,2014-12-11
2014/12/31,Information Technology,Information  and  Communication,57623300,TT,4819,JPY,Tail,S,Internet,2014-12-11
2014/12/31,Information Technology,Information  and  Communication,14912100,TT,4819,JPY,Tail,S,Internet,2014-12-11
2014/12/31,Information Technology,Chemicals,2737259600,CS,4901,JPY,Tech,L,Tech,2014-12-19
2014/12/31,Information Technology,Chemicals,436347900,CS,4901,JPY,Tech,L,Tech,2014-12-19
2014/12/31,Information Technology,Chemicals,112880500,CS,4901,JPY,Tech,L,Tech,2014-12-19
2014/12/31,Consumer Staples,Chemicals,1385842500,SM,4922,JPY,Tail,L,Cosmetics,2014-12-01
2014/12/31,Consumer Staples,Chemicals,219240000,SM,4922,JPY,Tail,L,Cosmetics,2014-12-01
2014/12/31,Consumer Staples,Chemicals,57172500,SM,4922,JPY,Tail,L,Cosmetics,2014-12-01
2014/12/31,Energy,Oil  and  Coal Products,332082000,TNi,5007,JPY,CM,L,Oil,2014-12-22
2014/12/31,Energy,Oil  and  Coal Products,53010000,TNi,5007,JPY,CM,L,Oil,2014-12-22
2014/12/31,Energy,Oil  and  Coal Products,13680000,TNi,5007,JPY,CM,L,Oil,2014-12-22
2014/12/31,Energy,Oil  and  Coal Products,668850000,TNi,5012,JPY,CM,L,Oil,2014-12-22
2014/12/31,Energy,Oil  and  Coal Products,105987000,TNi,5012,JPY,CM,L,Oil,2014-12-22
2014/12/31,Energy,Oil  and  Coal Products,27783000,TNi,5012,JPY,CM,L,Oil,2014-12-22
2014/12/31,Energy,Oil  and  Coal Products,2037992400,TNi,5020,JPY,CM,L,Oil,2014-12-22
2014/12/31,Energy,Oil  and  Coal Products,324631800,TNi,5020,JPY,CM,L,Oil,2014-12-22
2014/12/31,Energy,Oil  and  Coal Products,84000240,TNi,5020,JPY,CM,L,Oil,2014-12-22
2014/12/31,Industrials,Glass  and  Ceramics Products,1282842000,CS,5201,JPY,Tech,S,Tech,2014-11-14
2014/12/31,Industrials,Glass  and  Ceramics Products,210273000,CS,5201,JPY,Tech,S,Tech,2014-11-14
2014/12/31,Industrials,Glass  and  Ceramics Products,55955000,CS,5201,JPY,Tech,S,Tech,2014-11-14
2014/12/31,Materials,Iron  and  Steel,1380228300,TI,5401,JPY,CM,L,Steel,2014-12-15
2014/12/31,Materials,Iron  and  Steel,219356100,TI,5401,JPY,CM,L,Steel,2014-12-15
2014/12/31,Materials,Iron  and  Steel,56870100,TI,5401,JPY,CM,L,Steel,2014-12-15
2014/12/31,Materials,Iron  and  Steel,1390057600,TI,5411,JPY,CM,L,Steel,2014-10-29
2014/12/31,Materials,Iron  and  Steel,229699200,TI,5411,JPY,CM,L,Steel,2014-10-29
2014/12/31,Materials,Iron  and  Steel,63356000,TI,5411,JPY,CM,L,Steel,2014-10-29
2014/12/31,Materials,Iron  and  Steel,1365516000,TI,5471,JPY,CM,L,Steel,2014-12-15
2014/12/31,Materials,Iron  and  Steel,216618000,TI,5471,JPY,CM,L,Steel,2014-12-15
2014/12/31,Materials,Iron  and  Steel,57125000,TI,5471,JPY,CM,L,Steel,2014-12-15
2014/12/31,Materials,Iron  and  Steel,1732080000,TI,5486,JPY,CM,L,Commodities,2014-08-20
2014/12/31,Materials,Iron  and  Steel,276308000,TI,5486,JPY,CM,L,Commodities,2014-08-20
2014/12/31,Materials,Iron  and  Steel,72170000,TI,5486,JPY,CM,L,Commodities,2014-08-20
2014/12/31,Materials,Nonferrous Metals,1186943000,TI,5706,JPY,CM,L,Commodities,2014-06-04
2014/12/31,Materials,Nonferrous Metals,197482000,TI,5706,JPY,CM,L,Commodities,2014-06-04
2014/12/31,Materials,Nonferrous Metals,55377000,TI,5706,JPY,CM,L,Commodities,2014-06-04
2014/12/31,Materials,Nonferrous Metals,1401774000,TI,5711,JPY,CM,L,Commodities,2014-12-12
2014/12/31,Materials,Nonferrous Metals,222708000,TI,5711,JPY,CM,L,Commodities,2014-12-12
2014/12/31,Materials,Nonferrous Metals,58290000,TI,5711,JPY,CM,L,Commodities,2014-12-12
2014/12/31,Materials,Nonferrous Metals,223161600,TI,5727,JPY,CM,L,Commodities,2014-12-05
2014/12/31,Industrials,Nonferrous Metals,554500000,TI,5803,JPY,CM,L,Commodities,2014-10-22
2014/12/31,Industrials,Nonferrous Metals,92500000,TI,5803,JPY,CM,L,Commodities,2014-10-22
2014/12/31,Industrials,Nonferrous Metals,26000000,TI,5803,JPY,CM,L,Commodities,2014-10-22
2014/12/31,Industrials,Nonferrous Metals,1033066400,TI,5809,JPY,CM,L,Commodities,2014-09-05
2014/12/31,Industrials,Nonferrous Metals,175146900,TI,5809,JPY,CM,L,Commodities,2014-09-05
2014/12/31,Industrials,Nonferrous Metals,49729300,TI,5809,JPY,CM,L,Commodities,2014-09-05
2014/12/31,Industrials,Metal Products,35280000,HA,5915,JPY,TailSens,L,Abe,2014-08-27
2014/12/31,Industrials,Metal Products,27690000,HA,5921,JPY,Tail,L,Abe,2014-04-22
2014/12/31,Industrials,Metal Products,669914200,HA,5938,JPY,TailRR,S,Housing,2014-11-05
2014/12/31,Industrials,Metal Products,109822000,HA,5938,JPY,TailRR,S,Housing,2014-11-05
2014/12/31,Industrials,Metal Products,29881800,HA,5938,JPY,TailRR,S,Housing,2014-11-05
2014/12/31,Industrials,Metal Products,45715000,HA,5958,JPY,Tail,L,Abe,2013-11-07
2014/12/31,Industrials,Metal Products,41205000,HA,5958,JPY,Tail,L,Abe,2013-11-07
2014/12/31,Industrials,Metal Products,26779400,HA,5973,JPY,Tail,L,Abe,2013-10-11
2014/12/31,Information Technology,Services,319930000,HA,6027,JPY,Tail,L,IPO,2014-12-03
2014/12/31,Information Technology,Services,59117500,HA,6027,JPY,Tail,L,IPO,2014-12-03
2014/12/31,Information Technology,Services,13375000,HA,6027,JPY,Tail,L,IPO,2014-12-03
2014/12/31,Industrials,Services,725077500,HA,6028,JPY,Tail,L,IPO,2014-12-05
2014/12/31,Industrials,Services,115223200,HA,6028,JPY,Tail,L,IPO,2014-12-05
2014/12/31,Industrials,Services,29792300,HA,6028,JPY,Tail,L,IPO,2014-12-05
2014/12/31,Industrials,Services,2701800,HA,6091,JPY,Tail,L,Index,2014-12-30
2014/12/31,Industrials,Machinery,1304328200,TI,6268,JPY,MA,S,Machinery,2014-10-02
2014/12/31,Industrials,Machinery,218073800,TI,6268,JPY,MA,S,Machinery,2014-10-02
2014/12/31,Industrials,Machinery,60837300,TI,6268,JPY,MA,S,Machinery,2014-10-02
2014/12/31,Industrials,Machinery,1029434000,TI,6273,JPY,MA,S,Machinery,2014-06-12
2014/12/31,Industrials,Machinery,163047000,TI,6273,JPY,MA,S,Machinery,2014-06-12
2014/12/31,Industrials,Machinery,41561000,TI,6273,JPY,MA,S,Machinery,2014-06-12
2014/12/31,Industrials,Machinery,11520000,HA,6303,JPY,Tail,L,Water,2014-07-17
2014/12/31,Industrials,Machinery,1424726400,TI,6305,JPY,MA,S,Machinery,2014-12-17
2014/12/31,Industrials,Machinery,225727200,TI,6305,JPY,MA,S,Machinery,2014-12-17
2014/12/31,Industrials,Machinery,59320800,TI,6305,JPY,MA,S,Machinery,2014-12-17
2014/12/31,Industrials,Machinery,169918000,TI,6310,JPY,MA,S,Machinery,2014-09-26
2014/12/31,Industrials,Machinery,46945000,TI,6310,JPY,MA,S,Machinery,2014-09-26
2014/12/31,Industrials,Construction,624726000,TI,6366,JPY,MA,S,Machinery,2014-11-04
2014/12/31,Industrials,Construction,101606000,TI,6366,JPY,MA,S,Machinery,2014-11-04
2014/12/31,Industrials,Construction,28168000,TI,6366,JPY,MA,S,Machinery,2014-11-04
2014/12/31,Industrials,Machinery,1403731200,TI,6383,JPY,MA,L,Machinery,2014-11-19
2014/12/31,Industrials,Machinery,220078800,TI,6383,JPY,MA,L,Machinery,2014-11-19
2014/12/31,Industrials,Machinery,57223200,TI,6383,JPY,MA,L,Machinery,2014-11-19
2014/12/31,Consumer Discretionary,Machinery,1568603600,TT,6460,JPY,Tail,S,Pachinko,2014-09-04
2014/12/31,Consumer Discretionary,Machinery,266231600,TT,6460,JPY,Tail,S,Pachinko,2014-09-04
2014/12/31,Consumer Discretionary,Machinery,75466000,TT,6460,JPY,Tail,S,Pachinko,2014-09-04
2014/12/31,Industrials,Electric Appliances,824428000,CS,6479,JPY,Tech,L,Tech,2014-12-04
2014/12/31,Industrials,Electric Appliances,129888000,CS,6479,JPY,Tech,L,Tech,2014-12-04
2014/12/31,Industrials,Electric Appliances,34276000,CS,6479,JPY,Tech,L,Tech,2014-12-04
2014/12/31,Information Technology,Electric Appliances,1286199600,CS,6501,JPY,Tech,L,Tech,2014-10-24
2014/12/31,Information Technology,Electric Appliances,214366600,CS,6501,JPY,Tech,L,Tech,2014-10-24
2014/12/31,Information Technology,Electric Appliances,60346900,CS,6501,JPY,Tech,L,Tech,2014-10-24
2014/12/31,Industrials,Electric Appliances,858924000,TI,6503,JPY,MA,L,Machinery,2014-09-29
2014/12/31,Industrials,Electric Appliances,146046000,TI,6503,JPY,MA,L,Machinery,2014-09-29
2014/12/31,Industrials,Electric Appliances,40488000,TI,6503,JPY,MA,L,Machinery,2014-09-29
2014/12/31,Industrials,Electric Appliances,61588000,HA,6507,JPY,TailRR,L,Pension,2014-10-08
2014/12/31,Industrials,Machinery,200386400,TI,6581,JPY,Tail,S,Machinery,2014-11-28
2014/12/31,Industrials,Machinery,2079660000,TI,6586,JPY,MA,S,Machinery,2014-12-01
2014/12/31,Industrials,Machinery,329348000,TI,6586,JPY,MA,S,Machinery,2014-12-01
2014/12/31,Industrials,Machinery,84940000,TI,6586,JPY,MA,S,Machinery,2014-12-01
2014/12/31,Industrials,Electric Appliances,1221740000,CS,6592,JPY,Tech,L,Tech,2014-01-14
2014/12/31,Industrials,Electric Appliances,211640000,CS,6592,JPY,Tech,L,Tech,2014-01-14
2014/12/31,Industrials,Electric Appliances,58682000,CS,6592,JPY,Tech,L,Tech,2014-01-14
2014/12/31,Industrials,Electric Appliances,1309546800,CS,6594,JPY,Tech,L,Tech,2013-06-24
2014/12/31,Industrials,Electric Appliances,215117400,CS,6594,JPY,Tech,L,Tech,2013-06-24
2014/12/31,Industrials,Electric Appliances,54171900,CS,6594,JPY,Tech,L,Tech,2013-06-24
2014/12/31,Information Technology,Electric Appliances,152575800,CS,6640,JPY,Tail,L,Tech,2014-11-21
2014/12/31,Information Technology,Electric Appliances,1380485000,TI,6645,JPY,MA,S,Machinery,2014-12-22
2014/12/31,Information Technology,Electric Appliances,219635000,TI,6645,JPY,MA,S,Machinery,2014-12-22
2014/12/31,Information Technology,Electric Appliances,56680000,TI,6645,JPY,MA,S,Machinery,2014-12-22
2014/12/31,Information Technology,Electric Appliances,486254000,CS,6740,JPY,Tech,L,Tech,2014-12-16
2014/12/31,Information Technology,Electric Appliances,77108000,CS,6740,JPY,Tech,L,Tech,2014-12-16
2014/12/31,Information Technology,Electric Appliances,20165000,CS,6740,JPY,Tech,L,Tech,2014-12-16
2014/12/31,Information Technology,Electric Appliances,1368559300,TT,6754,JPY,TailRR,S,Tech,2014-12-15
2014/12/31,Information Technology,Electric Appliances,217230300,TT,6754,JPY,TailRR,S,Tech,2014-12-15
2014/12/31,Information Technology,Electric Appliances,56851600,TT,6754,JPY,TailRR,S,Tech,2014-12-15
2014/12/31,Consumer Discretionary,Electric Appliances,1409650000,TI,6755,JPY,TailRR,S,Machinery,2014-12-11
2014/12/31,Consumer Discretionary,Electric Appliances,227175000,TI,6755,JPY,TailRR,S,Machinery,2014-12-11
2014/12/31,Consumer Discretionary,Electric Appliances,57085000,TI,6755,JPY,TailRR,S,Machinery,2014-12-11
2014/12/31,Information Technology,Electric Appliances,1721264000,CS,6762,JPY,Tech,L,Tech,2014-10-24
2014/12/31,Information Technology,Electric Appliances,287116000,CS,6762,JPY,Tech,L,Tech,2014-10-24
2014/12/31,Information Technology,Electric Appliances,79476000,CS,6762,JPY,Tech,L,Tech,2014-10-24
2014/12/31,Information Technology,Electric Appliances,600989000,TT,6804,JPY,Tech,L,Smart Car,2014-08-26
2014/12/31,Information Technology,Electric Appliances,102901700,TT,6804,JPY,Tech,L,Smart Car,2014-08-26
2014/12/31,Information Technology,Electric Appliances,29477400,TT,6804,JPY,Tech,L,Smart Car,2014-08-26
2014/12/31,Consumer Discretionary,Electric Appliances,670656000,AP,6816,JPY,Tech,L,CET,2014-06-25
2014/12/31,Consumer Discretionary,Electric Appliances,123951600,AP,6816,JPY,Tech,L,CET,2014-06-25
2014/12/31,Consumer Discretionary,Electric Appliances,33732400,AP,6816,JPY,Tech,L,CET,2014-06-25
2014/12/31,Information Technology,Electric Appliances,1272353500,CS,6856,JPY,Tech,L,Tech,2014-11-13
2014/12/31,Information Technology,Electric Appliances,209181500,CS,6856,JPY,Tech,L,Tech,2014-11-13
2014/12/31,Information Technology,Electric Appliances,55407000,CS,6856,JPY,Tech,L,Tech,2014-11-13
2014/12/31,Information Technology,Electric Appliances,211767600,CS,6860,JPY,Tail,L,Machinery,2014-12-08
2014/12/31,Industrials,Electric Appliances,109021000,HA,6889,JPY,Tail,S,LED,2014-04-21
2014/12/31,Consumer Discretionary,Transportation Equipment,2720307600,AP,6902,JPY,MA,L,Autos,2013-06-06
2014/12/31,Consumer Discretionary,Transportation Equipment,436334400,AP,6902,JPY,MA,L,Autos,2013-06-06
2014/12/31,Consumer Discretionary,Transportation Equipment,123213600,AP,6902,JPY,MA,L,Autos,2013-06-06
2014/12/31,Consumer Discretionary,Electric Appliances,1173360500,Adv,6952,JPY,Tech,S,Smartwatch,2014-04-08
2014/12/31,Consumer Discretionary,Electric Appliances,204337800,Adv,6952,JPY,Tech,S,Smartwatch,2014-04-08
2014/12/31,Consumer Discretionary,Electric Appliances,57877100,Adv,6952,JPY,Tech,S,Smartwatch,2014-04-08
2014/12/31,Information Technology,Electric Appliances,1310816000,CS,6963,JPY,Tech,S,Tech,2014-12-19
2014/12/31,Information Technology,Electric Appliances,209024000,CS,6963,JPY,Tech,S,Tech,2014-12-19
2014/12/31,Information Technology,Electric Appliances,54464000,CS,6963,JPY,Tech,S,Tech,2014-12-19
2014/12/31,Information Technology,Electric Appliances,1301215200,CS,6971,JPY,Tech,S,Tech,2014-08-27
2014/12/31,Information Technology,Electric Appliances,222240000,CS,6971,JPY,Tech,S,Tech,2014-08-27
2014/12/31,Information Technology,Electric Appliances,62227200,CS,6971,JPY,Tech,S,Tech,2014-08-27
2014/12/31,Information Technology,Electric Appliances,1060000000,CS,6981,JPY,Tech,L,Tech,2014-12-18
2014/12/31,Information Technology,Electric Appliances,166950000,CS,6981,JPY,Tech,L,Tech,2014-12-18
2014/12/31,Information Technology,Electric Appliances,45050000,CS,6981,JPY,Tech,L,Tech,2014-12-18
2014/12/31,Industrials,Transportation Equipment,2230802000,TI,7012,JPY,MA,L,Machinery,2014-11-12
2014/12/31,Industrials,Transportation Equipment,364980000,TI,7012,JPY,MA,L,Machinery,2014-11-12
2014/12/31,Industrials,Transportation Equipment,97328000,TI,7012,JPY,MA,L,Machinery,2014-11-12
2014/12/31,Consumer Discretionary,Transportation Equipment,1908202100,AP,7201,JPY,MA,S,Autos,2014-08-21
2014/12/31,Consumer Discretionary,Transportation Equipment,303887500,AP,7201,JPY,MA,S,Autos,2014-08-21
2014/12/31,Consumer Discretionary,Transportation Equipment,81600400,AP,7201,JPY,MA,S,Autos,2014-08-21
2014/12/31,Industrials,Transportation Equipment,1849862000,AP,7205,JPY,MA,S,Autos,2014-08-26
2014/12/31,Industrials,Transportation Equipment,311302600,AP,7205,JPY,MA,S,Autos,2014-08-26
2014/12/31,Industrials,Transportation Equipment,86081100,AP,7205,JPY,MA,S,Autos,2014-08-26
2014/12/31,Consumer Discretionary,Transportation Equipment,346390000,AP,7222,JPY,MA,L,EF,2011-07-14
2014/12/31,Consumer Discretionary,Transportation Equipment,61318400,AP,7222,JPY,MA,L,EF,2011-07-14
2014/12/31,Consumer Discretionary,Transportation Equipment,43040800,AP,7222,JPY,MA,L,EF,2011-07-14
2014/12/31,Consumer Discretionary,Transportation Equipment,572035300,AP,7230,JPY,MA,L,CET,2014-10-24
2014/12/31,Consumer Discretionary,Transportation Equipment,96038800,AP,7230,JPY,MA,L,CET,2014-10-24
2014/12/31,Consumer Discretionary,Transportation Equipment,26864000,AP,7230,JPY,MA,L,CET,2014-10-24
2014/12/31,Consumer Discretionary,Transportation Equipment,315923000,AP,7246,JPY,TailRR,L,Autos,2014-08-13
2014/12/31,Consumer Discretionary,Transportation Equipment,105164000,AP,7246,JPY,TailRR,L,Autos,2014-08-13
2014/12/31,Consumer Discretionary,Transportation Equipment,31032000,AP,7246,JPY,TailRR,L,Autos,2014-08-13
2014/12/31,Consumer Discretionary,Transportation Equipment,2025946000,AP,7259,JPY,MA,S,Autos,2014-12-11
2014/12/31,Consumer Discretionary,Transportation Equipment,321834500,AP,7259,JPY,MA,S,Autos,2014-12-11
2014/12/31,Consumer Discretionary,Transportation Equipment,84051500,AP,7259,JPY,MA,S,Autos,2014-12-11
2014/12/31,Consumer Discretionary,Transportation Equipment,1812708000,AP,7261,JPY,MA,L,Autos,2014-06-02
2014/12/31,Consumer Discretionary,Transportation Equipment,301239750,AP,7261,JPY,MA,L,Autos,2014-06-02
2014/12/31,Consumer Discretionary,Transportation Equipment,84604750,AP,7261,JPY,MA,L,Autos,2014-06-02
2014/12/31,Consumer Discretionary,Transportation Equipment,2626034900,AP,7262,JPY,MA,S,Indonesia,2014-09-26
2014/12/31,Consumer Discretionary,Transportation Equipment,414329600,AP,7262,JPY,MA,S,Indonesia,2014-09-26
2014/12/31,Consumer Discretionary,Transportation Equipment,108319400,AP,7262,JPY,MA,S,Indonesia,2014-09-26
2014/12/31,Consumer Discretionary,Transportation Equipment,1300036200,AP,7267,JPY,MA,S,Autos,2014-11-25
2014/12/31,Consumer Discretionary,Transportation Equipment,204155400,AP,7267,JPY,MA,S,Autos,2014-11-25
2014/12/31,Consumer Discretionary,Transportation Equipment,52537400,AP,7267,JPY,MA,S,Autos,2014-11-25
2014/12/31,Consumer Discretionary,Transportation Equipment,1031212000,AP,7269,JPY,MA,S,India,2014-12-16
2014/12/31,Consumer Discretionary,Transportation Equipment,163800000,AP,7269,JPY,MA,S,India,2014-12-16
2014/12/31,Consumer Discretionary,Transportation Equipment,42588000,AP,7269,JPY,MA,S,India,2014-12-16
2014/12/31,Consumer Discretionary,Transportation Equipment,1078387200,AP,7272,JPY,MA,S,Indonesia,2014-12-16
2014/12/31,Consumer Discretionary,Transportation Equipment,171184200,AP,7272,JPY,MA,S,Indonesia,2014-12-16
2014/12/31,Consumer Discretionary,Transportation Equipment,44688600,AP,7272,JPY,MA,S,Indonesia,2014-12-16
2014/12/31,Consumer Discretionary,Transportation Equipment,216065000,AP,7287,JPY,TailRR,L,TSE,2013-11-26
2014/12/31,Consumer Discretionary,Transportation Equipment,65640000,AP,7287,JPY,TailRR,L,TSE,2013-11-26
2014/12/31,Consumer Discretionary,Transportation Equipment,220318800,AP,7312,JPY,Tail,S,Autos,2014-12-03
2014/12/31,Consumer Discretionary,Transportation Equipment,34917900,AP,7312,JPY,Tail,S,Autos,2014-12-03
2014/12/31,Consumer Discretionary,Transportation Equipment,9058200,AP,7312,JPY,Tail,S,Autos,2014-12-03
2014/12/31,Industrials,Wholesale Trade,10212000,HA,7425,JPY,Tail,L,Abe,2014-01-15
2014/12/31,Consumer Discretionary,Retail Trade,1377888000,SM,7453,JPY,TailRR,L,Retail,2014-11-27
2014/12/31,Consumer Discretionary,Retail Trade,220224000,SM,7453,JPY,TailRR,L,Retail,2014-11-27
2014/12/31,Consumer Discretionary,Retail Trade,56544000,SM,7453,JPY,TailRR,L,Retail,2014-11-27
2014/12/31,Consumer Staples,Retail Trade,32200200,HA,7475,JPY,Tail,L,Index,2014-11-28
2014/12/31,Industrials,Wholesale Trade,25179000,HA,7485,JPY,Tail,L,Maglev,2013-09-19
2014/12/31,Information Technology,Wholesale Trade,35617400,HA,7510,JPY,Tail,L,Index,2014-12-16
2014/12/31,Consumer Discretionary,Retail Trade,1593180000,SM,7532,JPY,TailSens,L,Retail,2013-12-09
2014/12/31,Consumer Discretionary,Retail Trade,283900000,SM,7532,JPY,TailSens,L,Retail,2013-12-09
2014/12/31,Consumer Discretionary,Retail Trade,79325000,SM,7532,JPY,TailSens,L,Retail,2013-12-09
2014/12/31,Consumer Discretionary,Wholesale Trade,1229985900,TT,7552,JPY,Tail,L,Gamesoft,2014-10-16
2014/12/31,Consumer Discretionary,Wholesale Trade,200847900,TT,7552,JPY,Tail,L,Gamesoft,2014-10-16
2014/12/31,Consumer Discretionary,Wholesale Trade,53116800,TT,7552,JPY,Tail,L,Gamesoft,2014-10-16
2014/12/31,Consumer Discretionary,Retail Trade,1207575000,SM,7606,JPY,TailRR,L,Retail,2014-03-06
2014/12/31,Consumer Discretionary,Retail Trade,204525000,SM,7606,JPY,TailRR,L,Retail,2014-03-06
2014/12/31,Consumer Discretionary,Retail Trade,58387500,SM,7606,JPY,TailRR,L,Retail,2014-03-06
2014/12/31,Consumer Discretionary,Precision Instruments,1341264800,CS,7731,JPY,Tech,S,Tech,2014-12-24
2014/12/31,Consumer Discretionary,Precision Instruments,213813200,CS,7731,JPY,Tech,S,Tech,2014-12-24
2014/12/31,Consumer Discretionary,Precision Instruments,55017200,CS,7731,JPY,Tech,S,Tech,2014-12-24
2014/12/31,Information Technology,Precision Instruments,1318526000,CS,7741,JPY,Tech,L,Tech,2014-10-31
2014/12/31,Information Technology,Precision Instruments,221259500,CS,7741,JPY,Tech,L,Tech,2014-10-31
2014/12/31,Information Technology,Precision Instruments,61164500,CS,7741,JPY,Tech,L,Tech,2014-10-31
2014/12/31,Information Technology,Electric Appliances,1280038650,CS,7751,JPY,Tech,L,Tech,2014-12-12
2014/12/31,Information Technology,Electric Appliances,203162450,CS,7751,JPY,Tech,L,Tech,2014-12-12
2014/12/31,Information Technology,Electric Appliances,52998900,CS,7751,JPY,Tech,L,Tech,2014-12-12
2014/12/31,Consumer Staples,Other Products,1367522000,SM,7956,JPY,Tail,L,Childcare,2014-12-12
2014/12/31,Consumer Staples,Other Products,218154000,SM,7956,JPY,Tail,L,Childcare,2014-12-12
2014/12/31,Consumer Staples,Other Products,57186000,SM,7956,JPY,Tail,L,Childcare,2014-12-12
2014/12/31,Industrials,Wholesale Trade,1771202800,TNi,8001,JPY,CM,S,Commodities,2014-11-11
2014/12/31,Industrials,Wholesale Trade,287082400,TNi,8001,JPY,CM,S,Commodities,2014-11-11
2014/12/31,Industrials,Wholesale Trade,76098800,TNi,8001,JPY,CM,S,Commodities,2014-11-11
2014/12/31,Consumer Staples,Wholesale Trade,55567000,HA,8006,JPY,Tail,L,Tourist,2014-06-05
2014/12/31,Industrials,Wholesale Trade,2082527100,TNi,8015,JPY,CM,S,Commodities,2014-05-01
2014/12/31,Industrials,Wholesale Trade,335090100,TNi,8015,JPY,CM,S,Commodities,2014-05-01
2014/12/31,Industrials,Wholesale Trade,92876700,TNi,8015,JPY,CM,S,Commodities,2014-05-01
2014/12/31,Consumer Staples,Retail Trade,1316315000,SM,8028,JPY,Tail,S,Retail,2014-11-19
2014/12/31,Consumer Staples,Retail Trade,216580000,SM,8028,JPY,Tail,S,Retail,2014-11-19
2014/12/31,Consumer Staples,Retail Trade,56875000,SM,8028,JPY,Tail,S,Retail,2014-11-19
2014/12/31,Industrials,Wholesale Trade,1877048400,TNi,8031,JPY,CM,L,Commodities,2014-05-07
2014/12/31,Industrials,Wholesale Trade,299004600,TNi,8031,JPY,CM,L,Commodities,2014-05-07
2014/12/31,Industrials,Wholesale Trade,77669850,TNi,8031,JPY,CM,L,Commodities,2014-05-07
2014/12/31,Industrials,Wholesale Trade,41265000,HA,8046,JPY,Tail,L,Abe,2013-03-15
2014/12/31,Industrials,Wholesale Trade,12576000,HA,8046,JPY,Tail,L,Abe,2013-03-15
2014/12/31,Consumer Discretionary,Precision Instruments,375487000,Adv,8050,JPY,Tech,S,Smartwatch,2014-09-08
2014/12/31,Consumer Discretionary,Precision Instruments,63147000,Adv,8050,JPY,Tech,S,Smartwatch,2014-09-08
2014/12/31,Consumer Discretionary,Precision Instruments,17654000,Adv,8050,JPY,Tech,S,Smartwatch,2014-09-08
2014/12/31,Industrials,Wholesale Trade,935256000,HA,8088,JPY,Tail,L,Hydro,2014-11-20
2014/12/31,Industrials,Wholesale Trade,154014000,HA,8088,JPY,Tail,L,Hydro,2014-11-20
2014/12/31,Industrials,Wholesale Trade,39900000,HA,8088,JPY,Tail,L,Hydro,2014-11-20
2014/12/31,Industrials,Wholesale Trade,165969600,HA,8125,JPY,Tail,L,Abe,2014-07-25
2014/12/31,Industrials,Wholesale Trade,45780800,HA,8125,JPY,Tail,L,Abe,2014-07-25
2014/12/31,Information Technology,Wholesale Trade,108932000,HA,8141,JPY,Tail,L,ISS,2014-11-14
2014/12/31,Information Technology,Wholesale Trade,28438000,HA,8141,JPY,Tail,L,ISS,2014-11-14
2014/12/31,Consumer Discretionary,Retail Trade,128880900,SM,8237,JPY,Tail,L,Tourist,2014-08-14
2014/12/31,Consumer Discretionary,Retail Trade,37328800,SM,8237,JPY,Tail,L,Tourist,2014-08-14
2014/12/31,Financials,Other Financing Business,1286726400,SM,8253,JPY,TailSens,L,Consumer Finance,2014-04-16
2014/12/31,Financials,Other Financing Business,222285600,SM,8253,JPY,TailSens,L,Consumer Finance,2014-04-16
2014/12/31,Financials,Other Financing Business,63026100,SM,8253,JPY,TailSens,L,Consumer Finance,2014-04-16
2014/12/31,Financials,Banks,340263000,HA,8397,JPY,FIN,L,ISS,2014-11-14
2014/12/31,Financials,Banks,52046000,HA,8397,JPY,FIN,L,ISS,2014-11-14
2014/12/31,Financials,Banks,13748000,HA,8397,JPY,FIN,L,ISS,2014-11-14
2014/12/31,Financials,Securities  and  Commodity Futures,1029171500,TT,8595,JPY,FIN,S,Venture,2014-11-21
2014/12/31,Financials,Securities  and  Commodity Futures,164934000,TT,8595,JPY,FIN,S,Venture,2014-11-21
2014/12/31,Financials,Securities  and  Commodity Futures,42899500,TT,8595,JPY,FIN,S,Venture,2014-11-21
2014/12/31,Financials,Securities  and  Commodity Futures,685114800,Adv,8601,JPY,FIN,L,Blackfield,2014-12-19
2014/12/31,Financials,Securities  and  Commodity Futures,108974000,Adv,8601,JPY,FIN,L,Blackfield,2014-12-19
2014/12/31,Financials,Securities  and  Commodity Futures,28428000,Adv,8601,JPY,FIN,L,Blackfield,2014-12-19
2014/12/31,Financials,Securities  and  Commodity Futures,5452649020,Adv,8604,JPY,FIN,L,Blackfield,2014-11-04
2014/12/31,Financials,Securities  and  Commodity Futures,851568760,Adv,8604,JPY,FIN,L,Blackfield,2014-11-04
2014/12/31,Financials,Securities  and  Commodity Futures,219414580,Adv,8604,JPY,FIN,L,Blackfield,2014-11-04
2014/12/31,Financials,Other Financing Business,617680800,Adv,8697,JPY,FIN,L,Blackfield,2014-11-04
2014/12/31,Financials,Other Financing Business,97274800,Adv,8697,JPY,FIN,L,Blackfield,2014-11-04
2014/12/31,Financials,Other Financing Business,26374800,Adv,8697,JPY,FIN,L,Blackfield,2014-11-04
2014/12/31,Financials,Real Estate,1341060000,HA,8801,JPY,HR,L,Real Estate,2014-06-17
2014/12/31,Financials,Real Estate,218085000,HA,8801,JPY,HR,L,Real Estate,2014-06-17
2014/12/31,Financials,Real Estate,55335000,HA,8801,JPY,HR,L,Real Estate,2014-06-17
2014/12/31,Financials,Real Estate,983867500,HA,8802,JPY,HR,L,Real Estate,2014-06-11
2014/12/31,Financials,Real Estate,163552000,HA,8802,JPY,HR,L,Real Estate,2014-06-11
2014/12/31,Financials,Real Estate,43443500,HA,8802,JPY,HR,L,Real Estate,2014-06-11
2014/12/31,Financials,Real Estate,213145320,HA,8841,JPY,TailSens,L,EF,2008-09-19
2014/12/31,Financials,Real Estate,51918680,HA,8841,JPY,TailSens,L,EF,2008-09-19
2014/12/31,Financials,Real Estate,32912000,HA,8841,JPY,TailSens,L,EF,2008-09-19
2014/12/31,Financials,Real Estate,829547600,HA,8963,JPY,Tail,L,REIT,2014-06-24
2014/12/31,Financials,Real Estate,148737100,HA,8963,JPY,Tail,L,REIT,2014-06-24
2014/12/31,Financials,Real Estate,40491500,HA,8963,JPY,Tail,L,REIT,2014-06-24
2014/12/31,Financials,Real Estate,514240200,HA,8966,JPY,Tail,L,S-Event,2014-11-18
2014/12/31,Financials,Real Estate,83483100,HA,8966,JPY,Tail,L,S-Event,2014-11-18
2014/12/31,Financials,Real Estate,20993400,HA,8966,JPY,Tail,L,S-Event,2014-11-18
2014/12/31,Financials,Real Estate,104083200,HA,8975,JPY,Tail,L,REIT,2014-11-27
2014/12/31,Financials,Real Estate,16848000,HA,8975,JPY,Tail,L,REIT,2014-11-27
2014/12/31,Financials,Real Estate,4399200,HA,8975,JPY,Tail,L,REIT,2014-11-27
2014/12/31,Industrials,Land Transportation,2188607700,HA,9020,JPY,TailRR,L,Tourist,2014-06-11
2014/12/31,Industrials,Land Transportation,350323200,HA,9020,JPY,TailRR,L,Tourist,2014-06-11
2014/12/31,Industrials,Land Transportation,93054600,HA,9020,JPY,TailRR,L,Tourist,2014-06-11
2014/12/31,Industrials,Land Transportation,1378740600,HA,9024,JPY,Tail,S,Railways,2014-09-02
2014/12/31,Industrials,Land Transportation,231557400,HA,9024,JPY,Tail,S,Railways,2014-09-02
2014/12/31,Industrials,Land Transportation,65595600,HA,9024,JPY,Tail,S,Railways,2014-09-02
2014/12/31,Industrials,Land Transportation,1987195550,AP,9064,JPY,Tail,S,Trucking,2014-10-31
2014/12/31,Industrials,Land Transportation,326370350,AP,9064,JPY,Tail,S,Trucking,2014-10-31
2014/12/31,Industrials,Land Transportation,88117600,AP,9064,JPY,Tail,S,Trucking,2014-10-31
2014/12/31,Industrials,Marine Transportation,1357740000,AP,9101,JPY,CM,L,Shipping,2014-11-26
2014/12/31,Industrials,Marine Transportation,223668000,AP,9101,JPY,CM,L,Shipping,2014-11-26
2014/12/31,Industrials,Marine Transportation,58482000,AP,9101,JPY,CM,L,Shipping,2014-11-26
2014/12/31,Industrials,Marine Transportation,2052403000,AP,9104,JPY,CM,S,Shipping,2014-12-16
2014/12/31,Industrials,Marine Transportation,325613000,AP,9104,JPY,CM,S,Shipping,2014-12-16
2014/12/31,Industrials,Marine Transportation,85083000,AP,9104,JPY,CM,S,Shipping,2014-12-16
2014/12/31,Industrials,Marine Transportation,1376700000,AP,9107,JPY,CH,L,Shipping,2014-08-04
2014/12/31,Industrials,Marine Transportation,236925000,AP,9107,JPY,CH,L,Shipping,2014-08-04
2014/12/31,Industrials,Marine Transportation,67600000,AP,9107,JPY,CH,L,Shipping,2014-08-04
2014/12/31,Industrials,Air Transportation,86400000,AP,9201,JPY,Tail,L,Airlines,2014-10-31
2014/12/31,Industrials,Air Transportation,2104200000,AP,9201,JPY,Tail,L,Airlines,2014-10-31
2014/12/31,Industrials,Air Transportation,336600000,AP,9201,JPY,Tail,L,Airlines,2014-10-31
2014/12/31,Industrials,Air Transportation,55071200,Adv,9202,JPY,Tail,L,Airlines,2014-12-02
2014/12/31,Industrials,Air Transportation,1335775900,Adv,9202,JPY,Tail,L,Airlines,2014-12-02
2014/12/31,Industrials,Air Transportation,211305800,Adv,9202,JPY,Tail,L,Airlines,2014-12-02
2014/12/31,Industrials,Air Transportation,216416700,AP,9204,JPY,Tail,S,Airlines,2014-12-10
2014/12/31,Industrials,Air Transportation,8957700,AP,9204,JPY,Tail,S,Airlines,2014-12-10
2014/12/31,Industrials,Air Transportation,34365600,AP,9204,JPY,Tail,S,Airlines,2014-12-10
2014/12/31,Telecommunication Services,Information  and  Communication,27496000,TT,9424,JPY,Tail,S,MVNO,2014-10-10
2014/12/31,Telecommunication Services,Information  and  Communication,625688000,TT,9424,JPY,Tail,S,MVNO,2014-10-10
2014/12/31,Telecommunication Services,Information  and  Communication,101864000,TT,9424,JPY,Tail,S,MVNO,2014-10-10
2014/12/31,Telecommunication Services,Information  and  Communication,54222700,TT,9433,JPY,TailRR,S,Telecom,2014-12-19
2014/12/31,Telecommunication Services,Information  and  Communication,1305927000,TT,9433,JPY,TailRR,S,Telecom,2014-12-19
2014/12/31,Telecommunication Services,Information  and  Communication,207726400,TT,9433,JPY,TailRR,S,Telecom,2014-12-19
2014/12/31,Consumer Discretionary,Information  and  Communication,1060704000,TT,9468,JPY,Tail,L,Gamesoft,2014-12-18
2014/12/31,Consumer Discretionary,Information  and  Communication,42481500,TT,9468,JPY,Tail,L,Gamesoft,2014-12-18
2014/12/31,Consumer Discretionary,Information  and  Communication,164973000,TT,9468,JPY,Tail,L,Gamesoft,2014-12-18
2014/12/31,Consumer Discretionary,Services,672792000,HA,9616,JPY,Tail,L,Tourist,2014-06-02
2014/12/31,Consumer Discretionary,Services,30264000,HA,9616,JPY,Tail,L,Tourist,2014-06-02
2014/12/31,Consumer Discretionary,Services,115818000,HA,9616,JPY,Tail,L,Tourist,2014-06-02
2014/12/31,Financials,Services,29056000,HA,9639,JPY,Tail,L,Abe,2013-09-30
2014/12/31,Financials,Services,99880000,HA,9639,JPY,Tail,L,Abe,2013-09-30
2014/12/31,Information Technology,Information  and  Communication,5217000,TT,9640,JPY,Tail,L,EF,2013-05-17
2014/12/31,Information Technology,Information  and  Communication,17538000,TT,9640,JPY,Tail,L,EF,2013-05-17
2014/12/31,Information Technology,Information  and  Communication,1394197200,TT,9684,JPY,TailRR,L,Gamesoft,2014-08-04
2014/12/31,Information Technology,Information  and  Communication,57684000,TT,9684,JPY,TailRR,L,Gamesoft,2014-08-04
2014/12/31,Information Technology,Information  and  Communication,220704000,TT,9684,JPY,TailRR,L,Gamesoft,2014-08-04
2014/12/31,Industrials,Real Estate,1337407500,Adv,9706,JPY,TailSens,L,Tourist,2013-04-23
2014/12/31,Industrials,Real Estate,54549000,Adv,9706,JPY,TailSens,L,Tourist,2013-04-23
2014/12/31,Industrials,Real Estate,212932500,Adv,9706,JPY,TailSens,L,Tourist,2013-04-23
2014/12/31,Information Technology,Information  and  Communication,265541900,TT,9749,JPY,TailSens,L,Smart Car,2013-10-11
2014/12/31,Information Technology,Information  and  Communication,25348300,TT,9749,JPY,TailSens,L,Smart Car,2013-10-11
2014/12/31,Information Technology,Information  and  Communication,94994600,TT,9749,JPY,TailSens,L,Smart Car,2013-10-11
2014/12/31,Information Technology,Information  and  Communication,2003328000,TT,9766,JPY,TailRR,L,Gamesoft,2014-12-01
2014/12/31,Information Technology,Information  and  Communication,82362000,TT,9766,JPY,TailRR,L,Gamesoft,2014-12-01
2014/12/31,Information Technology,Information  and  Communication,318126000,TT,9766,JPY,TailRR,L,Gamesoft,2014-12-01
2014/12/31,Health Care,Services,59080800,HA,9792,JPY,Tail,L,Healthcare,2014-12-12
2014/12/31,Health Care,Services,226954400,HA,9792,JPY,Tail,L,Healthcare,2014-12-12
2014/12/31,Consumer Discretionary,Wholesale Trade,14618500,HA,9837,JPY,Tail,L,Index,2014-12-18
2014/12/31,Consumer Staples,Retail Trade,302364300,SM,9956,JPY,TailRR,L,Retail,2014-05-12
2014/12/31,Consumer Discretionary,Retail Trade,66060000,SM,9983,JPY,HR,L,Retail,2014-10-02
2014/12/31,Consumer Discretionary,Retail Trade,1413684000,SM,9983,JPY,HR,L,Retail,2014-10-02
2014/12/31,Consumer Discretionary,Retail Trade,237816000,SM,9983,JPY,HR,L,Retail,2014-10-02
2014/12/31,Telecommunication Services,Information  and  Communication,103103000,TT,9984,JPY,TailSens,L,Telecom,2013-11-08
2014/12/31,Telecommunication Services,Information  and  Communication,2276918000,TT,9984,JPY,TailSens,L,Telecom,2013-11-08
2014/12/31,Telecommunication Services,Information  and  Communication,363384000,TT,9984,JPY,TailSens,L,Telecom,2013-11-08
2014/12/31,Information Technology,Non-Japan,2005097000,EL,005930 KS,KRW,Asia,L,A-Tech,2014-11-27
2014/12/31,Information Technology,Non-Japan,86255000,EL,005930 KS,KRW,Asia,L,A-Tech,2014-11-27
2014/12/31,Information Technology,Non-Japan,330423000,EL,005930 KS,KRW,Asia,L,A-Tech,2014-11-27
2014/12/31,Information Technology,Non-Japan,2381640000,TT,035420 KS,KRW,Asia,L,A-Internet Games,2014-02-25
2014/12/31,Information Technology,Non-Japan,404416000,TT,035420 KS,KRW,Asia,L,A-Internet Games,2014-02-25
2014/12/31,Information Technology,Non-Japan,113920000,TT,035420 KS,KRW,Asia,L,A-Internet Games,2014-02-25
2014/12/31,Financials,Non-Japan,17750600,DH,1109 HK,HKD,Asia,L,A-Properties,2014-12-04
2014/12/31,Financials,Non-Japan,2822100,DH,1109 HK,HKD,Asia,L,A-Properties,2014-12-04
2014/12/31,Financials,Non-Japan,695300,DH,1109 HK,HKD,Asia,L,A-Properties,2014-12-04
2014/12/31,Industrials,Non-Japan,7714000,AQ,1138 HK,HKD,Asia,L,A-Shipping,2014-09-16
2014/12/31,Industrials,Non-Japan,1308720,AQ,1138 HK,HKD,Asia,L,A-Shipping,2014-09-16
2014/12/31,Industrials,Non-Japan,372400,AQ,1138 HK,HKD,Asia,L,A-Shipping,2014-09-16
2014/12/31,Consumer Discretionary,Non-Japan,4130920,AQ,1148 HK,HKD,Asia,L,A-Auto Parts,2014-07-30
2014/12/31,Consumer Discretionary,Non-Japan,729560,AQ,1148 HK,HKD,Asia,L,A-Auto Parts,2014-07-30
2014/12/31,Consumer Discretionary,Non-Japan,200080,AQ,1148 HK,HKD,Asia,L,A-Auto Parts,2014-07-30
2014/12/31,Industrials,Non-Japan,7743120,DH,1330 HK,HKD,Asia,L,A-Water,2014-10-15
2014/12/31,Industrials,Non-Japan,1288980,DH,1330 HK,HKD,Asia,L,A-Water,2014-10-15
2014/12/31,Industrials,Non-Japan,360360,DH,1330 HK,HKD,Asia,L,A-Water,2014-10-15
2014/12/31,Information Technology,Non-Japan,16814080,EL,1347 HK,HKD,Asia,L,A-Tech,2014-10-09
2014/12/31,Information Technology,Non-Japan,2785280,EL,1347 HK,HKD,Asia,L,A-Tech,2014-10-09
2014/12/31,Information Technology,Non-Japan,757760,EL,1347 HK,HKD,Asia,L,A-Tech,2014-10-09
2014/12/31,Industrials,Non-Japan,16734290,AQ,152 HK,HKD,Asia,L,A-Logistics,2014-11-05
2014/12/31,Industrials,Non-Japan,2736890,AQ,152 HK,HKD,Asia,L,A-Logistics,2014-11-05
2014/12/31,Industrials,Non-Japan,728320,AQ,152 HK,HKD,Asia,L,A-Logistics,2014-11-05
2014/12/31,Industrials,Non-Japan,4892440,AQ,1685 HK,HKD,Asia,L,A-Elec Equipment,2014-04-17
2014/12/31,Industrials,Non-Japan,830400,AQ,1685 HK,HKD,Asia,L,A-Elec Equipment,2014-04-17
2014/12/31,Industrials,Non-Japan,242200,AQ,1685 HK,HKD,Asia,L,A-Elec Equipment,2014-04-17
2014/12/31,Industrials,Non-Japan,8130920,AQ,1882 HK,HKD,Asia,S,A-Machinery,2014-10-10
2014/12/31,Industrials,Non-Japan,1406960,AQ,1882 HK,HKD,Asia,S,A-Machinery,2014-10-10
2014/12/31,Industrials,Non-Japan,392640,AQ,1882 HK,HKD,Asia,S,A-Machinery,2014-10-10
2014/12/31,Consumer Discretionary,Non-Japan,11397151,AQ,200581 CH,HKD,Asia,L,A-Auto Parts,2014-10-09
2014/12/31,Consumer Discretionary,Non-Japan,545031,AQ,200581 CH,HKD,Asia,L,A-Auto Parts,2014-10-09
2014/12/31,Consumer Discretionary,Non-Japan,1935255,AQ,200581 CH,HKD,Asia,L,A-Auto Parts,2014-10-09
2014/12/31,Consumer Discretionary,Non-Japan,13745827,AQ,200625 CH,HKD,Asia,L,A-Auto OEM,2014-10-15
2014/12/31,Consumer Discretionary,Non-Japan,642330,AQ,200625 CH,HKD,Asia,L,A-Auto OEM,2014-10-15
2014/12/31,Consumer Discretionary,Non-Japan,2283395,AQ,200625 CH,HKD,Asia,L,A-Auto OEM,2014-10-15
2014/12/31,Materials,Non-Japan,8596005,KW,2009 HK,HKD,Asia,L,A-Cement,2014-10-31
2014/12/31,Materials,Non-Japan,389400,KW,2009 HK,HKD,Asia,L,A-Cement,2014-10-31
2014/12/31,Materials,Non-Japan,1398595,KW,2009 HK,HKD,Asia,L,A-Cement,2014-10-31
2014/12/31,Information Technology,Non-Japan,11740360,DH,2038 HK,HKD,Asia,L,A-Electronics,2013-12-27
2014/12/31,Information Technology,Non-Japan,575850,DH,2038 HK,HKD,Asia,L,A-Electronics,2013-12-27
2014/12/31,Information Technology,Non-Japan,2114940,DH,2038 HK,HKD,Asia,L,A-Electronics,2013-12-27
2014/12/31,Consumer Discretionary,Non-Japan,12748800,DH,2313 HK,HKD,Asia,L,A-Textiles,2014-08-27
2014/12/31,Consumer Discretionary,Non-Japan,614400,DH,2313 HK,HKD,Asia,L,A-Textiles,2014-08-27
2014/12/31,Consumer Discretionary,Non-Japan,2201600,DH,2313 HK,HKD,Asia,L,A-Textiles,2014-08-27
2014/12/31,Financials,Non-Japan,31165400,DH,2318 HK,HKD,Asia,L,A-Insurance,2014-12-01
2014/12/31,Financials,Non-Japan,1265600,DH,2318 HK,HKD,Asia,L,A-Insurance,2014-12-01
2014/12/31,Financials,Non-Japan,4904200,DH,2318 HK,HKD,Asia,L,A-Insurance,2014-12-01
2014/12/31,Information Technology,Non-Japan,44697000,EL,2330 TT,TWD,Asia,L,A-Tech,2014-10-17
2014/12/31,Information Technology,Non-Japan,2397000,EL,2330 TT,TWD,Asia,L,A-Tech,2014-10-17
2014/12/31,Information Technology,Non-Japan,7896000,EL,2330 TT,TWD,Asia,L,A-Tech,2014-10-17
2014/12/31,Consumer Discretionary,Non-Japan,20462400,AQ,2333 HK,HKD,Asia,L,A-Auto OEM,2014-10-09
2014/12/31,Consumer Discretionary,Non-Japan,904050,AQ,2333 HK,HKD,Asia,L,A-Auto OEM,2014-10-09
2014/12/31,Consumer Discretionary,Non-Japan,3329550,AQ,2333 HK,HKD,Asia,L,A-Auto OEM,2014-10-09
2014/12/31,Industrials,Non-Japan,18671700,AQ,2338 HK,HKD,Asia,S,A-Machinery,2014-11-07
2014/12/31,Industrials,Non-Japan,817500,AQ,2338 HK,HKD,Asia,S,A-Machinery,2014-11-07
2014/12/31,Industrials,Non-Japan,3073800,AQ,2338 HK,HKD,Asia,S,A-Machinery,2014-11-07
2014/12/31,Industrials,Non-Japan,5612090,AQ,2343 HK,HKD,Asia,L,A-Shipping,2014-08-08
2014/12/31,Industrials,Non-Japan,281700,AQ,2343 HK,HKD,Asia,L,A-Shipping,2014-08-08
2014/12/31,Industrials,Non-Japan,970300,AQ,2343 HK,HKD,Asia,L,A-Shipping,2014-08-08
2014/12/31,Industrials,Non-Japan,13143760,AQ,2357 HK,HKD,Asia,L,A-Airlines,2014-11-05
2014/12/31,Industrials,Non-Japan,574800,AQ,2357 HK,HKD,Asia,L,A-Airlines,2014-11-05
2014/12/31,Industrials,Non-Japan,2145920,AQ,2357 HK,HKD,Asia,L,A-Airlines,2014-11-05
2014/12/31,Information Technology,Non-Japan,74497500,EL,2357 TT,TWD,Asia,S,A-Tech,2014-09-29
2014/12/31,Information Technology,Non-Japan,3118500,EL,2357 TT,TWD,Asia,S,A-Tech,2014-09-29
2014/12/31,Information Technology,Non-Japan,12127500,EL,2357 TT,TWD,Asia,S,A-Tech,2014-09-29
2014/12/31,Information Technology,Non-Japan,7650000,EL,2369 HK,HKD,Asia,L,A-Tech,2014-12-17
2014/12/31,Information Technology,Non-Japan,1211760,EL,2369 HK,HKD,Asia,L,A-Tech,2014-12-17
2014/12/31,Information Technology,Non-Japan,318240,EL,2369 HK,HKD,Asia,L,A-Tech,2014-12-17
2014/12/31,Information Technology,Non-Japan,31270000,EL,2379 TT,TWD,Asia,S,A-Tech,2014-09-29
2014/12/31,Information Technology,Non-Japan,5406000,EL,2379 TT,TWD,Asia,S,A-Tech,2014-09-29
2014/12/31,Information Technology,Non-Japan,1484000,EL,2379 TT,TWD,Asia,S,A-Tech,2014-09-29
2014/12/31,Utilities,Non-Japan,17248770,DH,2380 HK,HKD,Asia,L,A-Utilities,2014-09-02
2014/12/31,Utilities,Non-Japan,2919990,DH,2380 HK,HKD,Asia,L,A-Utilities,2014-09-02
2014/12/31,Utilities,Non-Japan,844950,DH,2380 HK,HKD,Asia,L,A-Utilities,2014-09-02
2014/12/31,Information Technology,Non-Japan,42606000,EL,2409 TT,TWD,Asia,S,A-Tech,2014-09-19
2014/12/31,Information Technology,Non-Japan,7241400,EL,2409 TT,TWD,Asia,S,A-Tech,2014-09-19
2014/12/31,Information Technology,Non-Japan,2057400,EL,2409 TT,TWD,Asia,S,A-Tech,2014-09-19
2014/12/31,Information Technology,Non-Japan,76234800,EL,2448 TT,TWD,Asia,L,A-Tech,2014-12-04
2014/12/31,Information Technology,Non-Japan,12076800,EL,2448 TT,TWD,Asia,L,A-Tech,2014-12-04
2014/12/31,Information Technology,Non-Japan,3145000,EL,2448 TT,TWD,Asia,L,A-Tech,2014-12-04
2014/12/31,Information Technology,Non-Japan,61132000,EL,2474 TT,TWD,Asia,L,A-Tech,2014-09-19
2014/12/31,Information Technology,Non-Japan,2958000,EL,2474 TT,TWD,Asia,L,A-Tech,2014-09-19
2014/12/31,Information Technology,Non-Japan,10106500,EL,2474 TT,TWD,Asia,L,A-Tech,2014-09-19
2014/12/31,Information Technology,Non-Japan,14917490,EL,2618 HK,HKD,Asia,L,A-Tech,2014-11-19
2014/12/31,Information Technology,Non-Japan,648900,EL,2618 HK,HKD,Asia,L,A-Tech,2014-11-19
2014/12/31,Information Technology,Non-Japan,2458610,EL,2618 HK,HKD,Asia,L,A-Tech,2014-11-19
2014/12/31,Industrials,Non-Japan,12122740,KW,267 HK,HKD,Asia,L,A-Financials,2014-12-05
2014/12/31,Industrials,Non-Japan,1916900,KW,267 HK,HKD,Asia,L,A-Financials,2014-12-05
2014/12/31,Industrials,Non-Japan,502360,KW,267 HK,HKD,Asia,L,A-Financials,2014-12-05
2014/12/31,Industrials,Non-Japan,8260000,AQ,2727 HK,HKD,Asia,L,A-Elec Equipment,2014-12-08
2014/12/31,Industrials,Non-Japan,1313340,AQ,2727 HK,HKD,Asia,L,A-Elec Equipment,2014-12-08
2014/12/31,Industrials,Non-Japan,338660,AQ,2727 HK,HKD,Asia,L,A-Elec Equipment,2014-12-08
2014/12/31,Financials,Non-Japan,12906400,DH,2777 HK,HKD,Asia,L,A-Properties,2014-11-24
2014/12/31,Financials,Non-Japan,2125760,DH,2777 HK,HKD,Asia,L,A-Properties,2014-11-24
2014/12/31,Financials,Non-Japan,626340,DH,2777 HK,HKD,Asia,L,A-Properties,2014-11-24
2014/12/31,Utilities,Non-Japan,17760000,DH,3 HK,HKD,Asia,S,A-Oil,2014-12-10
2014/12/31,Utilities,Non-Japan,2823840,DH,3 HK,HKD,Asia,S,A-Oil,2014-12-10
2014/12/31,Utilities,Non-Japan,728160,DH,3 HK,HKD,Asia,S,A-Oil,2014-12-10
2014/12/31,Information Technology,Non-Japan,34727500,EL,3008 TT,TWD,Asia,L,A-Tech,2014-09-19
2014/12/31,Information Technology,Non-Japan,7185000,EL,3008 TT,TWD,Asia,L,A-Tech,2014-09-19
2014/12/31,Information Technology,Non-Japan,2395000,EL,3008 TT,TWD,Asia,L,A-Tech,2014-09-19
2014/12/31,Information Technology,Non-Japan,67695200,EL,3105 TT,TWD,Asia,L,A-Tech,2014-11-12
2014/12/31,Information Technology,Non-Japan,11070400,EL,3105 TT,TWD,Asia,L,A-Tech,2014-11-12
2014/12/31,Information Technology,Non-Japan,2930400,EL,3105 TT,TWD,Asia,L,A-Tech,2014-11-12
2014/12/31,Industrials,Non-Japan,13990475,AQ,316 HK,HKD,Asia,L,A-Shipping,2014-12-12
2014/12/31,Industrials,Non-Japan,2222150,AQ,316 HK,HKD,Asia,L,A-Shipping,2014-12-12
2014/12/31,Industrials,Non-Japan,566875,AQ,316 HK,HKD,Asia,L,A-Shipping,2014-12-12
2014/12/31,Industrials,Non-Japan,9068800,AQ,3311 HK,HKD,Asia,S,A-Construction,2014-11-13
2014/12/31,Industrials,Non-Japan,1482400,AQ,3311 HK,HKD,Asia,S,A-Construction,2014-11-13
2014/12/31,Industrials,Non-Japan,392400,AQ,3311 HK,HKD,Asia,S,A-Construction,2014-11-13
2014/12/31,Energy,Non-Japan,4084820,DH,3337 HK,HKD,Asia,S,A-Oil,2014-12-17
2014/12/31,Energy,Non-Japan,647960,DH,3337 HK,HKD,Asia,S,A-Oil,2014-12-17
2014/12/31,Energy,Non-Japan,170340,DH,3337 HK,HKD,Asia,S,A-Oil,2014-12-17
2014/12/31,Consumer Discretionary,Non-Japan,8507870,DH,3368 HK,HKD,Asia,L,A-Retail,2014-12-19
2014/12/31,Consumer Discretionary,Non-Japan,1373520,DH,3368 HK,HKD,Asia,L,A-Retail,2014-12-19
2014/12/31,Consumer Discretionary,Non-Japan,353080,DH,3368 HK,HKD,Asia,L,A-Retail,2014-12-19
2014/12/31,Information Technology,Non-Japan,31267500,EL,3673 TT,TWD,Asia,L,A-Tech,2014-12-08
2014/12/31,Information Technology,Non-Japan,1326500,EL,3673 TT,TWD,Asia,L,A-Tech,2014-12-08
2014/12/31,Information Technology,Non-Japan,4927000,EL,3673 TT,TWD,Asia,L,A-Tech,2014-12-08
2014/12/31,Utilities,Non-Japan,19038710,DH,371 HK,HKD,Asia,L,A-Water,2013-01-10
2014/12/31,Utilities,Non-Japan,856980,DH,371 HK,HKD,Asia,L,A-Water,2013-01-10
2014/12/31,Utilities,Non-Japan,3211030,DH,371 HK,HKD,Asia,L,A-Water,2013-01-10
2014/12/31,Consumer Discretionary,Non-Japan,7999860,DH,3818 HK,HKD,Asia,L,A-Baba,2014-11-04
2014/12/31,Consumer Discretionary,Non-Japan,354660,DH,3818 HK,HKD,Asia,L,A-Baba,2014-11-04
2014/12/31,Consumer Discretionary,Non-Japan,1305480,DH,3818 HK,HKD,Asia,L,A-Baba,2014-11-04
2014/12/31,Energy,Non-Japan,17712500,DH,386 HK,HKD,Asia,S,A-Oil,2014-12-09
2014/12/31,Energy,Non-Japan,725000,DH,386 HK,HKD,Asia,S,A-Oil,2014-12-09
2014/12/31,Energy,Non-Japan,2812500,DH,386 HK,HKD,Asia,S,A-Oil,2014-12-09
2014/12/31,Consumer Discretionary,Non-Japan,16315680,DH,493 HK,HKD,Asia,L,A-Electronic Retail,2014-08-21
2014/12/31,Consumer Discretionary,Non-Japan,2671020,DH,493 HK,HKD,Asia,L,A-Electronic Retail,2014-08-21
2014/12/31,Consumer Discretionary,Non-Japan,712500,DH,493 HK,HKD,Asia,L,A-Electronic Retail,2014-08-21
2014/12/31,Information Technology,Non-Japan,71106900,EL,5490 TT,TWD,Asia,L,A-Tech,2014-11-03
2014/12/31,Information Technology,Non-Japan,12048200,EL,5490 TT,TWD,Asia,L,A-Tech,2014-11-03
2014/12/31,Information Technology,Non-Japan,3546900,EL,5490 TT,TWD,Asia,L,A-Tech,2014-11-03
2014/12/31,Consumer Discretionary,Non-Japan,6721578,AQ,600741 C1,CNY,Asia,L,A-Auto Parts,2014-12-05
2014/12/31,Consumer Discretionary,Non-Japan,1067064,AQ,600741 C1,CNY,Asia,L,A-Auto Parts,2014-12-05
2014/12/31,Consumer Discretionary,Non-Japan,276018,AQ,600741 C1,CNY,Asia,L,A-Auto Parts,2014-12-05
2014/12/31,Financials,Non-Japan,18001800,KW,6030 HK,HKD,Asia,S,A-Financials,2014-12-22
2014/12/31,Financials,Non-Japan,2861600,KW,6030 HK,HKD,Asia,S,A-Financials,2014-12-22
2014/12/31,Financials,Non-Japan,744600,KW,6030 HK,HKD,Asia,S,A-Financials,2014-12-22
2014/12/31,Utilities,Non-Japan,8756790,DH,6136 HK,HKD,Asia,L,A-Water,2014-12-12
2014/12/31,Utilities,Non-Japan,1392580,DH,6136 HK,HKD,Asia,L,A-Water,2014-12-12
2014/12/31,Utilities,Non-Japan,363580,DH,6136 HK,HKD,Asia,L,A-Water,2014-12-12
2014/12/31,Information Technology,Non-Japan,72978500,EL,6176 TT,TWD,Asia,S,A-Tech,2014-12-09
2014/12/31,Information Technology,Non-Japan,11571000,EL,6176 TT,TWD,Asia,S,A-Tech,2014-12-09
2014/12/31,Information Technology,Non-Japan,3045000,EL,6176 TT,TWD,Asia,S,A-Tech,2014-12-09
2014/12/31,Industrials,Non-Japan,15595800,AQ,6199 HK,HKD,Asia,L,A-Railway,2014-09-05
2014/12/31,Industrials,Non-Japan,2841160,AQ,6199 HK,HKD,Asia,L,A-Railway,2014-09-05
2014/12/31,Industrials,Non-Japan,911840,AQ,6199 HK,HKD,Asia,L,A-Railway,2014-09-05
2014/12/31,Industrials,Non-Japan,8610000,AQ,636 HK,HKD,Asia,L,A-Logistics,2014-10-07
2014/12/31,Industrials,Non-Japan,1445250,AQ,636 HK,HKD,Asia,L,A-Logistics,2014-10-07
2014/12/31,Industrials,Non-Japan,399750,AQ,636 HK,HKD,Asia,L,A-Logistics,2014-10-07
2014/12/31,Industrials,Non-Japan,9223200,DH,750 HK,HKD,Asia,L,A-Solar,2014-10-17
2014/12/31,Industrials,Non-Japan,1522800,DH,750 HK,HKD,Asia,L,A-Solar,2014-10-17
2014/12/31,Industrials,Non-Japan,432000,DH,750 HK,HKD,Asia,L,A-Solar,2014-10-17
2014/12/31,Industrials,Non-Japan,2997060,AQ,753 HK,HKD,Asia,L,A-Airlines,2014-11-28
2014/12/31,Industrials,Non-Japan,19010640,AQ,753 HK,HKD,Asia,L,A-Airlines,2014-11-28
2014/12/31,Industrials,Non-Japan,777480,AQ,753 HK,HKD,Asia,L,A-Airlines,2014-11-28
2014/12/31,Utilities,Non-Japan,13607200,DH,816 HK,HKD,Asia,L,A-Utilities,2014-11-07
2014/12/31,Utilities,Non-Japan,2219200,DH,816 HK,HKD,Asia,L,A-Utilities,2014-11-07
2014/12/31,Utilities,Non-Japan,598600,DH,816 HK,HKD,Asia,L,A-Utilities,2014-11-07
2014/12/31,Information Technology,Non-Japan,14912060,DH,861 HK,HKD,Asia,L,A-Network Equipment,2014-09-05
2014/12/31,Information Technology,Non-Japan,2523690,DH,861 HK,HKD,Asia,L,A-Network Equipment,2014-09-05
2014/12/31,Information Technology,Non-Japan,726190,DH,861 HK,HKD,Asia,L,A-Network Equipment,2014-09-05
2014/12/31,Utilities,Non-Japan,14743890,DH,916 HK,HKD,Asia,L,A-Wind,2014-04-24
2014/12/31,Utilities,Non-Japan,726300,DH,916 HK,HKD,Asia,L,A-Wind,2014-04-24
2014/12/31,Utilities,Non-Japan,2542050,DH,916 HK,HKD,Asia,L,A-Wind,2014-04-24
2014/12/31,Health Care,Non-Japan,280800,DH,940 HK,HKD,Asia,L,A-Healthcare,2014-11-19
2014/12/31,Health Care,Non-Japan,6582600,DH,940 HK,HKD,Asia,L,A-Healthcare,2014-11-19
2014/12/31,Health Care,Non-Japan,1085400,DH,940 HK,HKD,Asia,L,A-Healthcare,2014-11-19
2014/12/31,Utilities,Non-Japan,13775320,DH,967 HK,HKD,Asia,L,A-Water,2014-02-14
2014/12/31,Utilities,Non-Japan,628600,DH,967 HK,HKD,Asia,L,A-Water,2014-02-14
2014/12/31,Utilities,Non-Japan,2227040,DH,967 HK,HKD,Asia,L,A-Water,2014-02-14
2014/12/31,Utilities,Non-Japan,592140,DH,991 HK,HKD,Asia,L,A-Utilities,2014-08-27
2014/12/31,Utilities,Non-Japan,11926200,DH,991 HK,HKD,Asia,L,A-Utilities,2014-08-27
2014/12/31,Utilities,Non-Japan,2076660,DH,991 HK,HKD,Asia,L,A-Utilities,2014-08-27
2014/12/31,Information Technology,Non-Japan,210222,Adv,CAJ US,USD,Tech,L,Tech,2014-12-12
2014/12/31,Information Technology,Non-Japan,5059838,Adv,CAJ US,USD,Tech,L,Tech,2014-12-12
2014/12/31,Information Technology,Non-Japan,804164,Adv,CAJ US,USD,Tech,L,Tech,2014-12-12
2014/12/31,Index,Non-Japan,3547350,NJD,HIF5,HKD,Asia,S,A-Balance,2014-12-24
2014/12/31,Index,Non-Japan,89866200,NJD,HIF5,HKD,Asia,S,A-Balance,2014-12-24
2014/12/31,Index,Non-Japan,14189400,NJD,HIF5,HKD,Asia,S,A-Balance,2014-12-24
2014/12/31,Index,Index,174949000,Bal,JPWH5,JPY,Index,L,Balance,2014-12-10
2014/12/31,Index,Index,670425000,Bal,JPWH5,JPY,Index,L,Balance,2014-12-10
2014/12/31,Index,Index,4071076000,Bal,JPWH5,JPY,Index,L,Balance,2014-12-10
2014/12/31,Index,Index,174500000,Bal,NKH5,JPY,Index,S,Balance,2014-12-10
2014/12/31,Index,Index,610750000,Bal,NKH5,JPY,Index,S,Balance,2014-12-10
2014/12/31,Index,Index,3629600000,Bal,NKH5,JPY,Index,S,Balance,2014-12-10
2014/12/31,Index,Index,1083775000,Bal,TPH5,JPY,Index,S,Balance,2014-12-10
2014/12/31,Index,Index,3884700000,Bal,TPH5,JPY,Index,S,Balance,2014-12-10
2014/12/31,Index,Index,23716375000,Bal,TPH5,JPY,Index,S,Balance,2014-12-10
,,,,,,,,,,